nation,area,fiasp_position,lyumjev_position,first_line_rapid,biosimilar_first_line,restriction_class,coding_reason,source_url,entry_date,read_on
Scotland,"Greater Glasgow and Clyde (West of Scotland Formulary, current)","Third choice recommendation(s), flag ""Specialist Recommendation: may be initiated in primary care on the recommendation of a consultant or specialist practitioner working with a multidisciplinary team."" Text: ""Insulin aspart (Fiasp) has a faster onset of action than NovoRapid and may be useful in patients failing to achieve glycaemic control with current fast acting insulin."" (vials, Penfill)","Third choice recommendation(s), same Specialist Recommendation flag. Text: ""Insulin lispro (Lyumjev) has a faster onset of action than Humalog."" (vials, cartridges, KwikPen, Junior KwikPen)","First choice: ""Insulin aspart (Trurapi).""; second choice: ""Insulin aspart (NovoRapid).""; third choice: Humalog, Fiasp, Lyumjev. All carry the Specialist Recommendation flag.",yes (Trurapi first choice),specialist,"Both carry the Specialist Recommendation flag, which every rapid-acting analogue including first-choice Trurapi also carries; Fiasp text ""may be useful in patients failing to achieve glycaemic control"" is descriptive, not a stated requirement; no failure criterion for Lyumjev.",https://formulary.nhs.scot/west/endocrine-system/diabetes-mellitus/diabetes-mellitus-type-1/,"30/07/2026 (history note: ""Regional formulary chapter launched."")",2026-09-30
Scotland,"Lanarkshire (West of Scotland Formulary, current)","Third choice recommendation(s), flag ""Specialist Recommendation: may be initiated in primary care on the recommendation of a consultant or specialist practitioner working with a multidisciplinary team."" Text: ""Insulin aspart (Fiasp) has a faster onset of action than NovoRapid and may be useful in patients failing to achieve glycaemic control with current fast acting insulin."" (vials, Penfill)","Third choice recommendation(s), same Specialist Recommendation flag. Text: ""Insulin lispro (Lyumjev) has a faster onset of action than Humalog."" (vials, cartridges, KwikPen, Junior KwikPen)","First choice: ""Insulin aspart (Trurapi).""; second choice: ""Insulin aspart (NovoRapid).""; third choice: Humalog, Fiasp, Lyumjev. All carry the Specialist Recommendation flag.",yes (Trurapi first choice),specialist,"Both carry the Specialist Recommendation flag, which every rapid-acting analogue including first-choice Trurapi also carries; Fiasp text ""may be useful in patients failing to achieve glycaemic control"" is descriptive, not a stated requirement; no failure criterion for Lyumjev.",https://formulary.nhs.scot/west/endocrine-system/diabetes-mellitus/diabetes-mellitus-type-1/,"30/07/2026 (history note: ""Regional formulary chapter launched."")",2026-09-30
Scotland,"Ayrshire and Arran (West of Scotland Formulary, current)","Third choice recommendation(s), flag ""Specialist Recommendation: may be initiated in primary care on the recommendation of a consultant or specialist practitioner working with a multidisciplinary team."" Text: ""Insulin aspart (Fiasp) has a faster onset of action than NovoRapid and may be useful in patients failing to achieve glycaemic control with current fast acting insulin."" (vials, Penfill)","Third choice recommendation(s), same Specialist Recommendation flag. Text: ""Insulin lispro (Lyumjev) has a faster onset of action than Humalog."" (vials, cartridges, KwikPen, Junior KwikPen)","First choice: ""Insulin aspart (Trurapi).""; second choice: ""Insulin aspart (NovoRapid).""; third choice: Humalog, Fiasp, Lyumjev. All carry the Specialist Recommendation flag.",yes (Trurapi first choice),specialist,"Both carry the Specialist Recommendation flag, which every rapid-acting analogue including first-choice Trurapi also carries; Fiasp text ""may be useful in patients failing to achieve glycaemic control"" is descriptive, not a stated requirement; no failure criterion for Lyumjev.",https://formulary.nhs.scot/west/endocrine-system/diabetes-mellitus/diabetes-mellitus-type-1/,"30/07/2026 (history note: ""Regional formulary chapter launched."")",2026-09-30
Scotland,"Forth Valley (West of Scotland Formulary, current)","Third choice recommendation(s), flag ""Specialist Recommendation: may be initiated in primary care on the recommendation of a consultant or specialist practitioner working with a multidisciplinary team."" Text: ""Insulin aspart (Fiasp) has a faster onset of action than NovoRapid and may be useful in patients failing to achieve glycaemic control with current fast acting insulin."" (vials, Penfill)","Third choice recommendation(s), same Specialist Recommendation flag. Text: ""Insulin lispro (Lyumjev) has a faster onset of action than Humalog."" (vials, cartridges, KwikPen, Junior KwikPen)","First choice: ""Insulin aspart (Trurapi).""; second choice: ""Insulin aspart (NovoRapid).""; third choice: Humalog, Fiasp, Lyumjev. All carry the Specialist Recommendation flag.",yes (Trurapi first choice),specialist,"Both carry the Specialist Recommendation flag, which every rapid-acting analogue including first-choice Trurapi also carries; Fiasp text ""may be useful in patients failing to achieve glycaemic control"" is descriptive, not a stated requirement; no failure criterion for Lyumjev.",https://formulary.nhs.scot/west/endocrine-system/diabetes-mellitus/diabetes-mellitus-type-1/,"30/07/2026 (history note: ""Regional formulary chapter launched."")",2026-09-30
Scotland,"Dumfries and Galloway (West of Scotland Formulary, current)","Third choice recommendation(s), flag ""Specialist Recommendation: may be initiated in primary care on the recommendation of a consultant or specialist practitioner working with a multidisciplinary team."" Text: ""Insulin aspart (Fiasp) has a faster onset of action than NovoRapid and may be useful in patients failing to achieve glycaemic control with current fast acting insulin."" (vials, Penfill)","Third choice recommendation(s), same Specialist Recommendation flag. Text: ""Insulin lispro (Lyumjev) has a faster onset of action than Humalog."" (vials, cartridges, KwikPen, Junior KwikPen)","First choice: ""Insulin aspart (Trurapi).""; second choice: ""Insulin aspart (NovoRapid).""; third choice: Humalog, Fiasp, Lyumjev. All carry the Specialist Recommendation flag.",yes (Trurapi first choice),specialist,"Both carry the Specialist Recommendation flag, which every rapid-acting analogue including first-choice Trurapi also carries; Fiasp text ""may be useful in patients failing to achieve glycaemic control"" is descriptive, not a stated requirement; no failure criterion for Lyumjev.",https://formulary.nhs.scot/west/endocrine-system/diabetes-mellitus/diabetes-mellitus-type-1/,"30/07/2026 (history note: ""Regional formulary chapter launched."")",2026-09-30
Scotland,Greater Glasgow and Clyde (GGC Adult Formulary before WoS; archived copy),"Fiasp not named. Preferred List entry ""INSULIN ASPART"": ""Restrictions: Restricted to initiation by clinicians, either in primary care or the acute setting, experienced in the treatment of diabetes."" Prescribing note: ""Insulin aspart preparations may differ in terms of speed of onset of action and should therefore be prescribed by brand name.""","Not named. Preferred List entry ""INSULIN LISPRO (HUMALOG) (injection)"" with the same restriction; note: ""Currently, only the 100 units/ml preparations have been considered and added to Formulary. Other strengths are currently non-Formulary""","Preferred List: INSULIN ASPART (brand not stated), INSULIN LISPRO (HUMALOG), SOLUBLE INSULIN. Total Formulary: INSULIN GLULISINE (APIDRA).",not named (aspart listed by molecule),specialist,"Fiasp is covered only through the molecule-level aspart entry, whose restriction to clinicians experienced in diabetes (primary or acute care) applies equally to NovoRapid; coded specialist on that restriction, and it would read open if experienced-clinician wording is not treated as a specialist requirement.",https://web.archive.org/web/20251210174023/https://ggcmedicines.org.uk/formulary/endocrine-system-6/drugs-used-in-diabetes/,undated page; Wayback capture 10/12/2025; live URL now returns 404,2026-09-30
Scotland,Lanarkshire (NHSL Joint Adult Formulary before WoS),"Not read: insulins page is password protected (""Please enter the related password for this item in order to view this content."")",Not read (same page),Not read,not read,not_coded,Predecessor entry inaccessible; no Wayback capture of the insulins page was found.,https://www.rightdecisions.scot.nhs.uk/nhsl-medicines-guidance/joint-adult-formulary/chapter-6-endocrine-system/drugs-used-in-diabetes/insulins/,n/a,2026-09-30
Scotland,"Ayrshire and Arran (Abbreviated Adult Joint Formulary, May 2026, before WoS endocrine chapter)","""S Insulin aspart 100 units/mL solution for injection (Fiasp®)"" under Short acting insulins (S = ""Specialist initiation""); section note: ""Insulin should be initiated on specialist advice only."" and ""Insulin preparations currently under review, and so the following is not a complete list""",Not listed,"No ranking: ""S soluble insulin (Actrapid®)"", ""S Insulin aspart (Fiasp®)"", ""S insulin aspart (NovoRapid®)"", ""S insulin (Humalog®)"".",no (no biosimilar rapid-acting listed),specialist,"Fiasp carries S (specialist initiation), the same symbol as NovoRapid and Humalog; no clinical criteria stated; Lyumjev not listed.",https://www.nhsaaa.net/wp-content/uploads/NHSAAAbbreviatedformulary.pdf,May 2026 (document header; PDF created 08/06/2026),2026-09-30
Scotland,Forth Valley (Forth Valley Formulary before WoS; archived copy),"Not named. Class entry ""Insulin"" with comment: ""For all insulins recommendation by practitioner experienced in the management of diabetes""",Not named (same class entry),"No products named; single class entry ""Insulin"".",not named,specialist,"Class-wide requirement for recommendation by a practitioner experienced in diabetes; coded specialist on that wording, which applies to every insulin; this is a December 2022 version and later pre-WoS versions were not found.",https://web.archive.org/web/20230402014112/https://pharmacies.nhsforthvalley.com/wp-content/uploads/sites/6/2019/03/BNF6-Endocrine.pdf,"""Forth Valley Formulary Last amended December 22"" (Wayback capture 02/04/2023)",2026-09-30
Scotland,"Dumfries and Galloway (Joint Formulary 2025, before WoS)","""Ultra short acting insulin"": ""Fiasp ®Penfill catrridge 3ml▼"", ""Fiasp ®FlexTouch pre-filled pen▼"", ""Fiasp ® vial 10ml▼""; section note: ""Insulin should be initiated on specialist advice only""",Not listed,"No ranking. Short acting insulins: Humalog, ""Admelog Sanofi®"" (biosimilar lispro), Novorapid, Humulin S, Apidra.","no ranking; Admelog listed, Trurapi not listed",specialist,"Fiasp listed without clinical criteria but under the section rule ""Insulin should be initiated on specialist advice only"", which covers all insulins.",https://www.communitypharmacy.scot.nhs.uk/nhs-dumfries-galloway/wp-content/uploads/sites/5/2025-D-and-G-Formulary.pdf,2025 (document title),2026-09-30
Scotland,Lothian (East Region Formulary),"Second choice recommendation(s), ""[Specialist Initiation: may be continued in a primary care setting]"". Text: ""Insulin aspart (Fiasp) has a faster onset of action than NovoRapid and care should be taken when prescribing."" Prescribing note: ""may be useful in patients failing to achieve glycaemic control with current fast acting insulin.""","Third choice recommendation(s), ""[Specialist Initiation: may be continued in a primary care setting]"". Text: ""Insulin lispro (Lyumjev) has a faster onset of action than Humalog and care should be taken when prescribing."" Same prescribing note as Fiasp.","First choice: ""Insulin aspart (Trurapi or NovoRapid).""; second choice: Humalog, Apidra, Fiasp; third choice: Lyumjev. All flagged Specialist Initiation.","yes, jointly (""Trurapi or NovoRapid"" first choice)",specialist,"Fiasp is second choice with Specialist Initiation, the same flag as first-choice Trurapi/NovoRapid; ""may be useful in patients failing..."" is a prescribing note, not a stated requirement.",https://formulary.nhs.scot/east/endocrine-system/diabetes-mellitus/diabetes-mellitus-type-1/,"latest history note 26/02/2026 (""Prescribing information updated, ERWG Oct 25""); Trurapi added 21/08/2024",2026-09-30
Scotland,Fife (East Region Formulary),"Second choice recommendation(s), ""[Specialist Initiation: may be continued in a primary care setting]"". Text: ""Insulin aspart (Fiasp) has a faster onset of action than NovoRapid and care should be taken when prescribing."" Prescribing note: ""may be useful in patients failing to achieve glycaemic control with current fast acting insulin.""","Third choice recommendation(s), ""[Specialist Initiation: may be continued in a primary care setting]"". Text: ""Insulin lispro (Lyumjev) has a faster onset of action than Humalog and care should be taken when prescribing."" Same prescribing note as Fiasp.","First choice: ""Insulin aspart (Trurapi or NovoRapid).""; second choice: Humalog, Apidra, Fiasp; third choice: Lyumjev. All flagged Specialist Initiation.","yes, jointly (""Trurapi or NovoRapid"" first choice)",specialist,"Fiasp is second choice with Specialist Initiation, the same flag as first-choice Trurapi/NovoRapid; ""may be useful in patients failing..."" is a prescribing note, not a stated requirement.",https://formulary.nhs.scot/east/endocrine-system/diabetes-mellitus/diabetes-mellitus-type-1/,"latest history note 26/02/2026 (""Prescribing information updated, ERWG Oct 25""); Trurapi added 21/08/2024",2026-09-30
Scotland,Borders (East Region Formulary),"Second choice recommendation(s), ""[Specialist Initiation: may be continued in a primary care setting]"". Text: ""Insulin aspart (Fiasp) has a faster onset of action than NovoRapid and care should be taken when prescribing."" Prescribing note: ""may be useful in patients failing to achieve glycaemic control with current fast acting insulin.""","Third choice recommendation(s), ""[Specialist Initiation: may be continued in a primary care setting]"". Text: ""Insulin lispro (Lyumjev) has a faster onset of action than Humalog and care should be taken when prescribing."" Same prescribing note as Fiasp.","First choice: ""Insulin aspart (Trurapi or NovoRapid).""; second choice: Humalog, Apidra, Fiasp; third choice: Lyumjev. All flagged Specialist Initiation.","yes, jointly (""Trurapi or NovoRapid"" first choice)",specialist,"Fiasp is second choice with Specialist Initiation, the same flag as first-choice Trurapi/NovoRapid; ""may be useful in patients failing..."" is a prescribing note, not a stated requirement.",https://formulary.nhs.scot/east/endocrine-system/diabetes-mellitus/diabetes-mellitus-type-1/,"latest history note 26/02/2026 (""Prescribing information updated, ERWG Oct 25""); Trurapi added 21/08/2024",2026-09-30
Scotland,Tayside (Tayside Area Formulary via Tayside Diabetes MCN Handbook),"MCN Handbook ""Treatment with Insulin"": ""Fiasp (vial, cartridge)"", Type 1 column: ""2nd line bolus insulin for those who require a faster onset of action"". Tayside Area Formulary 06.01.01: ""Insulin preparations recommended within Tayside are in the Tayside Diabetes MCN Handbook""","Not listed in the MCN Handbook table; Tayside Area Formulary search for ""lyumjev"" found 0 matches","""Trurapi (vial, cartridge, SoloStar pen)"" ""1st line bolus insulin""; Humalog and Apidra listed without a line; NovoRapid not listed.",yes (Trurapi 1st line bolus),specialist,"Fiasp has a clinical criterion (""for those who require a faster onset of action"") and is labelled ""2nd line"", but no failure of a standard analogue is stated; borderline, and it reads as second_line_or_excluded if ""2nd line"" is taken to require prior use of the first-line insulin. No specialist requirement stated.",https://www.taysideformulary.scot.nhs.uk/chaptersSubDetails.asp?FormularySectionID=6&SubSectionRef=06.01&SubSectionID=A100 ; https://www.nhstaysidecdn.scot.nhs.uk/NHSTaysideWeb/idcplg?IdcService=GET_SECURE_FILE&Rendition=web&RevisionSelectionMethod=LatestReleased&noSaveAs=1&dDocName=prod_392780,"MCN Handbook ""Last updated May 2026""",2026-09-30
Scotland,Grampian (Grampian Area Formulary),"""Restricted"", traffic light ""Amber 1"" (key: ""Available for restricted use under specialist supervision. Treatment may be initiated in Primary Care on the recommendation of a consultant/specialist.""), restricted item: ""Considered for selected patients, e.g. those on insulin pumps"". Vial, cartridge. Fiasp FlexTouch listed under Non Formulary Items.","Not listed (""Looking for lyumjev found 0 matches""); the ""Ultra-rapid insulin analogues"" subheading has no entries","Apidra, Humalog 100 units/mL, NovoRapid each ""Formulary"" (no traffic light shown, no ranking). Trurapi not listed.",no (Trurapi not listed),specialist,"Fiasp is Amber 1 (initiation on consultant/specialist recommendation) and ""Considered for selected patients, e.g. those on insulin pumps""; pumps are an example, not the only use; no failure criterion; Lyumjev not listed.",https://www.grampianformulary.scot.nhs.uk/chaptersSubDetails.asp?FormularySectionID=6&SubSectionRef=06.01&SubSectionID=A100,"undated entry; latest Fiasp amendment 12/02/2026 (""Fiasp® FlexTouch® discontinued; FG meeting 20/01/2026"")",2026-09-30
Scotland,Orkney (uses Grampian Area Formulary),"""Restricted"", traffic light ""Amber 1"" (key: ""Available for restricted use under specialist supervision. Treatment may be initiated in Primary Care on the recommendation of a consultant/specialist.""), restricted item: ""Considered for selected patients, e.g. those on insulin pumps"". Vial, cartridge. Fiasp FlexTouch listed under Non Formulary Items.","Not listed (""Looking for lyumjev found 0 matches""); the ""Ultra-rapid insulin analogues"" subheading has no entries","Apidra, Humalog 100 units/mL, NovoRapid each ""Formulary"" (no traffic light shown, no ranking). Trurapi not listed.",no (Trurapi not listed),specialist,"Fiasp is Amber 1 (initiation on consultant/specialist recommendation) and ""Considered for selected patients, e.g. those on insulin pumps""; pumps are an example, not the only use; no failure criterion; Lyumjev not listed.","https://www.grampianformulary.scot.nhs.uk/chaptersSubDetails.asp?FormularySectionID=6&SubSectionRef=06.01&SubSectionID=A100 ; https://www.ohb.scot.nhs.uk/our-services/pharmacy-and-prescribing/ lists ""NHS Grampian Formulary"" under useful websites","undated entry; latest Fiasp amendment 12/02/2026 (""Fiasp® FlexTouch® discontinued; FG meeting 20/01/2026"")",2026-09-30
Scotland,Shetland (uses Grampian Area Formulary),"""Restricted"", traffic light ""Amber 1"" (key: ""Available for restricted use under specialist supervision. Treatment may be initiated in Primary Care on the recommendation of a consultant/specialist.""), restricted item: ""Considered for selected patients, e.g. those on insulin pumps"". Vial, cartridge. Fiasp FlexTouch listed under Non Formulary Items.","Not listed (""Looking for lyumjev found 0 matches""); the ""Ultra-rapid insulin analogues"" subheading has no entries","Apidra, Humalog 100 units/mL, NovoRapid each ""Formulary"" (no traffic light shown, no ranking). Trurapi not listed.",no (Trurapi not listed),specialist,"Fiasp is Amber 1 (initiation on consultant/specialist recommendation) and ""Considered for selected patients, e.g. those on insulin pumps""; pumps are an example, not the only use; no failure criterion; Lyumjev not listed.","https://www.grampianformulary.scot.nhs.uk/chaptersSubDetails.asp?FormularySectionID=6&SubSectionRef=06.01&SubSectionID=A100 ; https://www.nhsshetland.scot/us/pharmacy-prescribing: ""those available are those within the Grampian Formulary""","undated entry; latest Fiasp amendment 12/02/2026 (""Fiasp® FlexTouch® discontinued; FG meeting 20/01/2026"")",2026-09-30
Scotland,"Highland (Highland Formulary, TAM)","Listed under INSULIN ASPART: ""10mL vial (Fiasp®, NovoRapid®)"", ""3mL cartridge (Fiasp Penfill®, NovoRapid Penfill®)"", ""3 mL pre-filled pen (Fiasp Flextouch®, ...)"". Dosage: ""As per SMC 1227/17: treatment of diabetes mellitus in adults."" No restriction text.","Listed under INSULIN LISPRO: ""10mL vial (Humalog®, Lyumjev®)"", ""3mL cartridge (Humalog®, Lyumjev®)"", pre-filled pens incl. Lyumjev KwikPen, Lyumjev Junior Kwikpen (added 08/07/26), Lyumjev KwikPen 200 units/ml. No restriction text.","No ranking; insulin aspart (Fiasp, NovoRapid), glulisine (Apidra), lispro (Humalog, Lyumjev).",no (Trurapi not listed),open,"Both listed with no clinical criteria and no specialist flag; the parent Insulins page says only ""Insulin preparations should be initiated by appropriately trained individuals"", which applies to all insulins and is not a specialist requirement.",https://www.rightdecisions.scot.nhs.uk/tam-treatments-and-medicines-nhs-highland/formularies/highland-formulary/endocrine-system-formulary/diabetes-formulary-endocrine/insulins-formulary-endocrine/rapid-acting-insulins-formulary-endocrine/recombinant-human-insulin-analogues-formulary-endocrine/,"v1.2 08/07/26; ""Last reviewed: 19/01/2023""",2026-09-30
Scotland,Western Isles (uses Highland Formulary),"Listed under INSULIN ASPART: ""10mL vial (Fiasp®, NovoRapid®)"", ""3mL cartridge (Fiasp Penfill®, NovoRapid Penfill®)"", ""3 mL pre-filled pen (Fiasp Flextouch®, ...)"". Dosage: ""As per SMC 1227/17: treatment of diabetes mellitus in adults."" No restriction text.","Listed under INSULIN LISPRO: ""10mL vial (Humalog®, Lyumjev®)"", ""3mL cartridge (Humalog®, Lyumjev®)"", pre-filled pens incl. Lyumjev KwikPen, Lyumjev Junior Kwikpen (added 08/07/26), Lyumjev KwikPen 200 units/ml. No restriction text.","No ranking; insulin aspart (Fiasp, NovoRapid), glulisine (Apidra), lispro (Humalog, Lyumjev).",no (Trurapi not listed),open,"Both listed with no clinical criteria and no specialist flag; the parent Insulins page says only ""Insulin preparations should be initiated by appropriately trained individuals"", which applies to all insulins and is not a specialist requirement.","https://www.rightdecisions.scot.nhs.uk/tam-treatments-and-medicines-nhs-highland/formularies/highland-formulary/endocrine-system-formulary/diabetes-formulary-endocrine/insulins-formulary-endocrine/rapid-acting-insulins-formulary-endocrine/recombinant-human-insulin-analogues-formulary-endocrine/ ; https://www.wihb.scot.nhs.uk/our-services/pharmacy-services/primary-care-pharmacy/ links ""Medicines Formulary Page"" to the NHS Highland TAM formularies","v1.2 08/07/26; ""Last reviewed: 19/01/2023""",2026-09-30
Wales,Aneurin Bevan,"""G - Green"". ""Fiasp® was suitable for initiation by non-specialist prescribers (designated Green in the local Traffic Light system), this was consistent with the current advice for NovoRapid®."" ""(MTC July 2017)""","Listed in ""Insulin lispro ( Humalog )"" entry, ""G - Green"", Lyumjev vials, cartridges, KwikPen 100 and 200; no criteria.","No ranking; NovoRapid entry ""G - Green"": ""Trurapi- Biosimilar insulin aspart is also approved for use within ABUHB"".","no (Trurapi ""also approved"")",open,"Fiasp Green and explicitly ""suitable for initiation by non-specialist prescribers""; Lyumjev Green with no criteria.",https://formulary.wales.nhs.uk/indexNew.aspx?prefixUrl=abbformulary,Fiasp date added 27-11-2023; lispro entry 02-11-2018,2026-09-30
Wales,Betsi Cadwaladr,"Insulin aspart entry ""G - Green""; ""Fiasp - For specialist initiation in adult patients with type 1 diabetes mellitus or gestational diabetes. (DTG 09/18). [AmberI]"" and ""Fiasp - Treatment of diabetes mellitus in adolescents and children aged 1 year and above. (DTG 08/20) [AmberI]""","""Lyumjev® In adults with type 1 diabetes, as a second-line choice, where patients have failed to achieve adequate control with standard short/long acting insulin combinations DTG 12/20""","No ranking; insulin aspart entry lists NovoRapid, Trurapi, Fiasp; insulin lispro entry Humalog, Lyumjev.",no ranking (Trurapi listed),specialist,"Fiasp is AmberI ""For specialist initiation"" in type 1 or gestational diabetes (clinical criteria, no failure requirement); Lyumjev requires prior failure but is the more restrictive.",https://formulary.wales.nhs.uk/indexNew.aspx?prefixUrl=bcuformulary,entry date added 29-12-2016; Fiasp DTG 09/18 and 08/20; Lyumjev DTG 12/20,2026-09-30
Wales,Cardiff and Vale,"""S - Specialist initiated"". ""Fiasp - Faster Acting Insulin Aspart is Specialist Inititated for the treatment of Type 1 diabetes mellitus.""","Not listed (search for ""lyumjev"" returned no results; insulin lispro entries list Humalog only)","""insulin aspart (Trurapi - 1st choice)"", ""R - Specialist recommended""; NovoRapid and Humalog ""R - Specialist recommended"".",yes (Trurapi 1st choice),specialist,"Fiasp specialist initiated, type 1 diabetes; no failure requirement; Lyumjev not listed.",https://formulary.wales.nhs.uk/indexNew.aspx?prefixUrl=cavformulary,"Fiasp: ""no date recorded""; Trurapi added 19-12-2025",2026-09-30
Wales,Cwm Taf Morgannwg,"""S 1st - Specialist initiated 1st Line"". ""It is an option to improve control of post-prandial hyperglycaemia, particularly where the timing of the injection relative to meal is restricted ... This includes pregnancy and insulin pump use where necessary.""","Lyumjev 100 and 200: ""S 1st - Specialist initiated 1st Line""; mealtime dosing text only, no criteria.","All ""S 1st - Specialist initiated 1st Line"": Trurapi, NovoRapid, Humalog 100, Fiasp, Lyumjev.","yes, jointly (Trurapi 1st line alongside originators and ultra-rapids)",specialist,"Lyumjev is 1st line with no clinical criteria but specialist initiated, the same status as NovoRapid, Humalog and Trurapi.",https://formulary.wales.nhs.uk/indexNew.aspx?prefixUrl=cttformulary,Fiasp 25-10-2017; Lyumjev 24-03-2021; Trurapi 06-06-2025,2026-09-30
Wales,Hywel Dda,"""S - Specialist initiated"". ""Following submission of an evaluation of use by the Specialist Diabetic Team FIASP has been reclassifed. JP March 2019"". Earlier note retained: ""Fiasp ® is approved for a limited number ( type I diabetes with persistent post prandial hyperglycaemia ) ... JP July 2017""","""S - Specialist initiated"" (Humalog, Lyumjev entry). ""Lyumjev Available as a cost-effective alternative to FIASP in selected patients. Specialist Initiated as per licensed indications. [MMSC Sept 2020; SEB 4th November 2020]""","""Insulin aspart Trurapi/Novorapid"" ""S - Specialist initiated"" (""please note that this includes GPs who initiate insulin""); quotes NICE ""use the product with the lowest acquisition cost""; NovoRapid FlexPen to Trurapi SoloStar switch from September 2024.",not ranked; lowest-acquisition-cost wording and Trurapi switch,specialist,"Lyumjev specialist initiated ""in selected patients"" within licence; Fiasp specialist initiated after 2019 reclassification; no failure requirement.",https://formulary.wales.nhs.uk/indexNew.aspx?prefixUrl=hddformulary,Fiasp 02-08-2017 (reclassified March 2019); Lyumjev MMSC Sept 2020; Trurapi entry 10-07-2024,2026-09-30
Wales,Powys,"Within ""Insulin Aspart"" entry: ""GREEN - First line medicines which may be freely prescribed by all prescribers within local or national recommendations."" Fiasp vials and Penfill listed alongside NovoRapid and Trurapi; no criteria.","""BLUE - Second line medicines - to be initiated and prescribed by diabetic nurse team."" ""For patients with type 1 and type 2 diabetes including patients using insulin pumps who have significant post-prandial hyperglycaemia (>10 mmol/L at 2 hours) despite optimised use of conventional rapid acting insulin analogues such as Humalog""","Insulin aspart entry GREEN covering Fiasp, NovoRapid, Trurapi; Humalog ""GREEN*"".",no ranking (Trurapi in GREEN aspart entry),open,Fiasp sits in the GREEN aspart entry with no criteria; Lyumjev requires prior optimised conventional analogue but is the more restrictive.,https://formulary.wales.nhs.uk/indexNew.aspx?prefixUrl=powformulary,"""no date recorded""",2026-09-30
Wales,Swansea Bay,"""S - Specialist initiated"". ""Specialist initiation only."" ""Approved for use in SBUHB in children and young people with type 1 DM in accordance with NICE NG18""","Insulin Lispro entry ""2 nd - Second line including GP use""; ""Lyumjev (insulin lispro) has been accepted on SBUHB formulary as an ultra-rapid acting insulin lispro formulation. For specialist initiation/recommendation by diabetes services."" Lyumjev presentations marked S.","Insulin aspart (NovoRapid, Trurapi) and lispro (Humalog) ""2 nd - Second line including GP use""; ""insulin analogues are second line formulary choices after human insulin products"".",no ranking (Trurapi listed with NovoRapid),specialist,"Lyumjev for specialist initiation/recommendation with no failure criterion (""second line"" refers to analogues after human insulin); Fiasp specialist only.",https://formulary.wales.nhs.uk/indexNew.aspx?prefixUrl=abmformulary,"Fiasp 16-07-2018; lispro entry ""no date recorded""",2026-09-30
Northern Ireland,Northern Ireland Formulary (regional),"""Fiasp ®"" listed in the ""Rapid (analogue)"" column of ""Formulary choices"" (with Apidra, Humalog 100, Humalog 200, NovoRapid); no restriction text. General advice: ""Insulin should only be initiated and managed by healthcare professionals with the relevant expertise and training.""","Not listed (not in 6.1.1 table; site search for ""lyumjev"" returned no results)","""Rapid (analogue)"": Apidra, Humalog 100, Humalog 200, NovoRapid, Fiasp; ""The table below indicates preferred choices where all things are equal regarding device choice."" No order stated.",no (Trurapi not listed),open,Fiasp is a formulary choice with no criteria or specialist flag; the expertise sentence is general advice for all insulins; Lyumjev not listed.,https://niformulary.hscni.net/formulary/6-0-endocrine/6-1-drugs-used-in-diabetes/6-1-1-insulins/,page undated; WordPress API modified 2026-05-01,2026-09-30
