nation,area,lyumjev_class,tresiba_class,tresiba_basis,comparison
England,Leicester Leicestershire and Rutland,open,behind_another_insulin,"Tresiba: ""Formulary"", [Green]. ""Insulin Degludec For use in specific patient groups only in line with agreed algorithm."" ""Conditional Green traffic light status for GPs who have completed appropriate training."" ""Amber traffic light status for those without additional training."" The linked TAS evaluation (meeting 24 September, 2013) records ""TAS decision: Supported for use in the specific patient groups in the algorithm supplied""; its 100 units/ml algorithm begins ""Q1 Is the patient using Lantus® (insulin glargine) as basal insulin? N – This algorithm does not apply"" and ""Q4 Does the patient have satisfactory diabetes control – ie acceptable HbA1c, infrequent hypoglycaemia? Y – The algorithm does not apply"".",Lyumjev less restricted
England,North East and North Cumbria,open,specialist_or_criteria,"Tresiba 100 and 200 units/mL: ""Formulary"", [Green plus] (key: ""Drugs normally recommended or initiated by a hospital specialist ... which can be safely maintained in primary care""). ""Approved for use in patients with Type 1 diabetes with Nocturnal/Severe Hypogycaemia (with or without hypoglycaemic unawareness) in patients who would otherwsie progress to insuling pump treatment as per NICE TA151); or Recurrent DKA episodes despite good compliance and who would otherwise progress to insulin pump therapy; Paediatric patients who cannot tolerate glargine sting; Paediatric patients with poor control on the high HbA1c pathway; Patients or Parents/Carers with unpredictable lifestyles such as students or shift workers.""",Lyumjev less restricted
England,Greater Manchester,specialist_or_criteria,specialist_or_criteria,"Tresiba: [Green SI] (key: ""Green following specialist initiation""). ""For treatment of type 1 or type 2 diabetes, only for use: If there is particular concern about nocturnal hypoglycaemia despite optimisation of medication regimen; For patients with an unpredictable lifestyle (e.g. shift workers); For patients who need help from a carer or healthcare professional to administer injections [NEW from NICE NG17]"".",same
England,Lancashire and South Cumbria,specialist_or_criteria,specialist_or_criteria,"Not read live. Wayback snapshot of 23 March 2025, entry ""Insulin Degludec"", indication ""Type 2 diabetes"": ""Green (Restricted)"". ""Must be commenced by a healthcare professional who is appropriately trained and experienced in the initiation of insulin. Specialists may exceptionally consider initiating insulin degludec if: Patient is experiencing poor glycaemic control or recurrent hypoglycaemic episodes with their existing long-acting insulin analogue or Patient is unable to take basal insulin at the same time each day"". Reason for decision: ""Suitable for initiation in primary care in line with restrictions"". Type 1 entry (insulin-degludec-1, Wayback snapshot of 20 January 2025): same ""Green (Restricted)"" and same Background wording; Reason for decision: ""Suitable for initiation in primary care"". Both pages ""Last Updated: 01 - Feb - 2018"".",same
England,Hampshire and Isle of Wight,specialist_or_criteria,open,"Insulin degludec (Tresiba) 100 units/ml: ""Formulary"", [Green] (key: ""Suitable for prescribing in primary and secondary care.""). ""Note: higher strength preparation is listed separately"". 200 units/ml: [Amber Initiation], ""[Restricted Item] Initiated and stabilised by a specialist for difficult to manage patients with type 1 diabetes"".",Tresiba less restricted
England,Devon,specialist_or_criteria,specialist_or_criteria,"Tresiba: ""Indications Adult patients with type 1 diabetes who experience frequent or severe hypoglycaemia; Children and adolescents with type 1 diabetes who have a history of diabetic ketoacidosis and/or hyperglycaemia (blood glucose exceeding 14.0mmol/L) with capillary blood ketones exceeding 1.5mmol/L"". ""Tresiba may be started in primary care on the advice of a specialist (includes those who may be working in a primary care / community setting)."" ""The routine commissioning of insulin degludec is not accepted in Devon for the treatment of Type 2 diabetes"". Wording identical on both Devon sites.",same
England,"Bath and North East Somerset, Swindon and Wiltshire",specialist_or_criteria,specialist_or_criteria,"Tresiba: ""Formulary"", [Amber] (key: ""AMBER - These medicines are considered suitable for prescribing in primary care following specialist initiation or recommendation.""). Linked BSW Insulin Formulary (Jan 2026), type 1: ""Consider ultra long acting insulin if there is a particular concern about nocturnal hypoglycaemia or if people need help from a carer or healthcare professional to administer injections. [NICE 2022]""; 200 units/mL ""Only for Type 1 diabetic patients with treatment limiting recurrent hypoglycaemia despite optimal treatment prior to insulin pump therapy, patients with recurrent DKA requiring hospital admission due to delayed administration. Patients receiving insulin from a carer where irregular administration times may contribute to hyper/hypoglycaemia"". Type 2: ""Recurrent episodes of nocturnal hypoglycaemia or people need help from a carer or healthcare professional to administer injections"".",same
England,Kent and Medway,behind_another_insulin,behind_another_insulin,"Insulin degludec, products marked ""On Formulary Second Line"" (key: ""yellow (on formulary and second line)""). ""Tresiba® s hould be reserved for patients who are difficult to control and need large insulin doses. Patients must meet the following criteria: has tried other basal insulin regimens as recommended in NICE NG17; risk of hypoglycaemia because of reduced awareness; more than 2 documented DKA related admissions in the last 12 months; initiated by a consultant only"".",same
England,Cheshire and Merseyside,behind_another_insulin,specialist_or_criteria,"Insulin Degludec: ""Formulary"", [Amber Initiation] (key: ""Amber Initiated requires specialist initiation of prescribing. Prescribing to be continued by the specialist until stabilisation of the dose is achieved and the patient has been reviewed by the specialist.""). Tresiba 100 units/ml Penfill cartridge; Tresiba 200 units/ml FlexTouch. No criteria stated.",Tresiba less restricted
England,Humber and North Yorkshire,behind_another_insulin,open,"Humber: ""[All settings] 100units/ml- First choice""; ""[Specialist advice] 200units/ml- Second choice""; ""the AMBER RECOMMENDATION status only applies if the Diabetologist has provided a written confirmation"". North Yorkshire and York: ""[Specialist advice] Amber specialist recommendation"". ""Criteria: Patients with Type 1/Type 2 diabetes on a basal analogue insulin who are at risk of hypoglycaemia. Patients with Type1/Type 2 diabetes who require a third party to administer their insulin. Patients with mental health/memory problems who may forget to take their basal insulin at the same time each day. Patients with sub optimal diabetes control who have tried other insulin’s without any improvement.""",Tresiba less restricted
England,Nottingham and Nottinghamshire,behind_another_insulin,specialist_or_criteria,"Insulin degludec: ""Formulary"", [Amber 2]. ""100 u/ml cartridges [Restricted Item] Initiation would be for only: Children and young people aged 18 or under diagnosed with Type 1 or Type 2 diabetes. Type 1 diabetes in adults: insulin detemir and insulin glargine remain first line options for basal insulin in accordance with NICE guidance NG17. Tresiba® can be considered as an alternative in patients where there is a particular concern about nocturnal hypoglycaemia OR for patients who need help from carer or healthcare professional to administer injections. Type 2 diabetes currently treated with insulin glargine where existing basal insulin is running out OR with poor compliance OR requiring flexibility of administration OR with recurrent, particularly nocturnal, severe hypoglycaemia."" ""200 u/ml ... Initiation only for patients requiring high doses of insulin that cannot be delivered using the lower strength.""",Tresiba less restricted
England,Herefordshire and Worcestershire,behind_another_insulin,specialist_or_criteria,"Insulin degludec 100 and 200 units/ml (Tresiba): ""Restricted"", [Amber] (key: ""Considered suitable for primary care prescribing following specialist initiation/recommendation.""). ""MPC July 2020: Suitable for GP initiation following specialist recommendation, with advice. Type 1 diabetes: Insulin degludec should be reserved for the following groups of patients with Type 1 diabetes: Difficult hypoglycaemia, particularly with loss of warning. Recurrent DKA. People who do shift work, particularly with a variable shift pattern. Patients being considered for pump therapy – would look to try insulin degludec first. Patients who are struggling with a pump and are looking for an alternative insulin regimen. Type 2 diabetes: Insulin degludec should not be needed for Type 2 diabetes, unless there is very difficult hypoglycaemia that does not resolve with other measures.""",Tresiba less restricted
England,South East London,behind_another_insulin,behind_another_insulin,"Insulin Degludec (Tresiba): ""Formulary"", [Amber 2] (key: ""Specialist initiation with maintenance in primary care.""). ""Specialist initiation only"". ""For Type 1 diabetes in adults; restricted to use where: The diabetes is poorly controlled on both insulin detemir and insulin glargine AND The next step would otherwise be an insulin pump OR Psychosocial or other factors indicate the need for longer duration insulin OR There are recurrent episodes of problematic hypoglycaemia and an insulin pump is not suitable OR Some flexibility in administration time is needed where third party administration is required"". ""For Type 2 diabetes in adults; restricted to use where: The diabetes is poorly controlled on both insulin detemir and insulin glargine AND ..."".",same
England,Norfolk and Suffolk (Norfolk and Waveney part),behind_another_insulin,specialist_or_criteria,"Insulin degludec 100 units/mL (Tresiba): ""Restricted"", [Specialist initiation] (key: ""Medicines that must be initiated and stabilised by a specialist.""). ""Initiation should only be by a Diabetes consultant / Specialist. All patients should be managed by the initiating specialist team for a minimum of three months or until stable. Patients should be returned to previous treatment if no improvement in overall disease control from baseline is demonstrated."" Trust note (JPUH): ""RESTRICTED use in Type 1 and Type 2 Diabetes mellitus - consultant initiation only Double red - not to be prescribed - CCGs and NHS Provider Trusts in Norfolk and Waveney except in limited circumstances."" Trust note (NNUH): approved for ""nocturnal hypoglycaemia despite optimisation of basal bolus regime and lifestyle modifications; recurrent events of diabetic ketoacidosis/hyperglycaemic hyperosmolar state warranting hospital admission due to poor compliance with standard basal insulin."" 200 units/ml: ""not recommended for routine use"".",Tresiba less restricted
England,South West London,not_listed,specialist_or_criteria,"Insulin degludec 100 units/ml (Tresiba): ""Formulary"", [Amber 2] (key: ""Initiation by a specialist, stabilisation for a specified time, then continuation in primary care under an individual management plan""). ""100units/ml is recommended for people with type 1 diabetes: to be used If there is a nocturnal hypoglycaemia, DKA, or poor 24-hour basal insulin cover with insulin glargine or if flexible administration is required"". 200 units/ml, Amber 2: ""If patient is on doses of basal insulin > 80 units daily and it is being used in order to reduce the number of injections.""",Tresiba less restricted
England,Birmingham and Solihull,not_listed,specialist_or_criteria,"Insulin degludec 100 units/mL (Tresiba), type 1 entry: [Amber Initiation] (key: ""Initiation and maintenance of prescribing by Specialists and transfer to Primary Care prescribing when appropriate.""). ""To avoid the use of an insulin pump in patients with Type 1 diabetes who have nocturnal/severe hypoglycaemia as defined in NICE TA 151 OR recurrent DKA despite good compliance with current insulin regime. Specialist initiation. For patients who need help from a carer or healthcare professional to administer injections as per NICE NG17."" Type 2 entry: [Red], ""Specialist use only. For the treatment of patients with Type 2 diabetes who have nocturnal / severe hypoglycaemia or those with recurrent hypoglycaemic episodes requiring hospital admission."" Degludec 200 units/mL: ""Non Formulary"".",Tresiba less restricted
England,West and North London,not_listed,behind_another_insulin,"NWL integrated formulary (Version 64, last updated 03/09/2026): not listed (text search of the PDF for ""degludec"" and ""Tresiba"" found no entry; 6.1.1.2 lists isophane, glargine 100 units/ml (Abasaglar, Lantus, Semglee) and detemir). NCL: type 1 entry ""Formulary"", [GP - Amber] (key: ""Medicines that should be initiated by a specialist.""): ""Approved for patients with Type 1 diabetes who have: intermittent adherence to basal insulin leading to recurrent DKA or HbA1c ≥9.5% despite regular intervention from MDT or problematic hypoglycaemia and were not eligible for an insulin pump (JFC November 2017)"". Type 2 entry: ""Non Formulary"", [Black], ""Not approved for Type 2 diabetes (June 2013)"".",Tresiba less restricted
Scotland,Highland,open,open,"""INSULIN DEGLUDEC"" Tresiba Penfill 100 units/mL and FlexTouch 200 units/mL, ""As per SMC 856/13 : treatment of diabetes mellitus in adults."" No restriction text (detemir by contrast ""specialist use only"")",same
Scotland,Western Isles,open,open,"""INSULIN DEGLUDEC"" Tresiba Penfill 100 units/mL and FlexTouch 200 units/mL, ""As per SMC 856/13 : treatment of diabetes mellitus in adults."" No restriction text (detemir by contrast ""specialist use only"")",same
Scotland,Lothian,behind_another_insulin,behind_another_insulin,"Type 1 page, under ""[Second choice recommendation(s)]"": ""Insulin degludec (Tresiba)."" ""[Specialist Initiation: may be continued in a primary care setting]""",same
Scotland,Fife,behind_another_insulin,behind_another_insulin,"Type 1 page, under ""[Second choice recommendation(s)]"": ""Insulin degludec (Tresiba)."" ""[Specialist Initiation: may be continued in a primary care setting]""",same
Scotland,Borders,behind_another_insulin,behind_another_insulin,"Type 1 page, under ""[Second choice recommendation(s)]"": ""Insulin degludec (Tresiba)."" ""[Specialist Initiation: may be continued in a primary care setting]""",same
Scotland,Greater Glasgow and Clyde,not_listed,specialist_or_criteria,"""INSULIN DEGLUDEC (TRESIBA) Restrictions: Restricted to initiation by clinicians, either in primary care or the acute setting, experienced in the treatment of diabetes. Restricted to use in accordance with local guidance""",Tresiba less restricted
Scotland,Ayrshire and Arran,not_listed,specialist_or_criteria,"""C Insulin degludec (Tresiba®) as per protocol once available (under development)""; key: ""C Consultant initiation"". Toujeo: ""2 C Insulin glargine 300 units/ml (Toujeo®)""",Tresiba less restricted
Scotland,Forth Valley,not_listed,not_listed,"Class entry ""Insulin"" only: ""For all insulins recommendation by practitioner experienced in the management of diabetes""",same
Scotland,Dumfries and Galloway,not_listed,specialist_or_criteria,"Under ""Insulin Analogues – for restricted use as per SMC"": ""Tresiba ® Penfill 100 units/mL solution for injection in cartridge"", ""Tresiba ®FlexTouch 100 units/mL solution for injection in pre-filled pen""",Tresiba less restricted
Scotland,Tayside,not_listed,behind_another_insulin,"Type 1: ""2nd line basal insulin if hypoglycaemia or requiring >1 injection per day glargine""; Type 2: ""1st line basal insulin for those with eGFR <60ml/min""",Tresiba less restricted
Scotland,Grampian,not_listed,specialist_or_criteria,"""Restricted"", ""Amber 1"": ""Tresiba ® 100units/mL is an ultra-long acting basal analogue insulin, that is resticted to use for people with type 1 diabetes who struggle to take their basal insulin at a fixed time each day.""",Tresiba less restricted
Scotland,Orkney,not_listed,specialist_or_criteria,"""Restricted"", ""Amber 1"": ""Tresiba ® 100units/mL is an ultra-long acting basal analogue insulin, that is resticted to use for people with type 1 diabetes who struggle to take their basal insulin at a fixed time each day.""",Tresiba less restricted
Scotland,Shetland,not_listed,specialist_or_criteria,"""Restricted"", ""Amber 1"": ""Tresiba ® 100units/mL is an ultra-long acting basal analogue insulin, that is resticted to use for people with type 1 diabetes who struggle to take their basal insulin at a fixed time each day.""",Tresiba less restricted
Wales,Aneurin Bevan,open,specialist_or_criteria,"Insulin degludec: ""Formulary Status: A - Amber"". ""AWMSG 5196 : Insulin degludec (Tresiba ® ) is recommended as an option for use within NHS Wales for the treatment of diabetes mellitus in adults, adolescents and children from the age of 1 year (added 7/11/22)"". No criteria.",Lyumjev less restricted
Wales,Cwm Taf Morgannwg,specialist_or_criteria,specialist_or_criteria,"Tresiba (insulin degludec) 100 and 200 units/ml: ""Formulary Status: S 1 st - Specialist initiated 1st Line"". AWMSG 1822 text: ""recommended as an option for use within NHS Wales for the treatment of diabetes mellitus in adults, adolescents and children from the age of 1 year."" No criteria.",same
Wales,Hywel Dda,specialist_or_criteria,specialist_or_criteria,"Insulin degludec: ""Formulary Status: S - Specialist initiated"". ""Specialist Initiated (including insulin-initiating GPs and Secondary care Specialist Diabetic Teams)."" AWMSG 1822/5196 text; no criteria.",same
Wales,Swansea Bay,specialist_or_criteria,specialist_or_criteria,"Insulin degludec: ""Formulary Status: S - Specialist initiated"". ""Specialist Initiated (including insulin-initiating GPs) to be prescribed in accordance with AWMSG recommendations"". ""Specialist initiation only. Please note insulin analogues are second line formulary choices after human insulin products- prescribe in accordance with NICE guidance on use of insulin"".",same
Wales,Betsi Cadwaladr,behind_another_insulin,specialist_or_criteria,"Insulin degludec: ""Formulary Status: AmberI - AmberI"". ""AWMSG 5196 Insulin degludec (Tresiba ® ) is recommended as an option for use within NHS Wales for the treatment of diabetes mellitus in adults, adolescents and children from the age of 1 year."" No criteria.",Tresiba less restricted
Wales,Powys,behind_another_insulin,specialist_or_criteria,"Insulin degludec: ""Formulary Status: AMBER - Medicines which should only be initiated or recommended by specialists but which may then be passed to primary care prescribers for prescribing"". AWMSG 5196 text; no criteria.",Tresiba less restricted
Wales,Cardiff and Vale,not_listed,specialist_or_criteria,"Insulin degludec 100u/mL: ""Formulary Status: MC - MC Path (Multiple Categories) see Pathway or other guidance"". ""Specialist Recommended for the treatment of diabetes melitus in adults, adolescents and children from the age of 1 year, in line with AWMSG 5196 - October 2022."" 200u/mL: ""Hospital only, for the treatment of diabetes melitius in adults, adolescents and children from the age of 1 year, in line with AWMSG 5196 -October 2022."" ""NB Type I Diabetes: Specialist Recommended Type II Diabetes: Specialist Recommended"".",Tresiba less restricted
Northern Ireland,Northern Ireland Formulary,not_listed,open,"""Tresiba®100"" and ""Tresiba®200"" listed in the 6.1.1 ""Formulary choices"" table with Toujeo; no restriction text",Tresiba less restricted
