level,key,name,date,issue
presentation,0601011A0BDABAC,Trurapi 100units/ml inj 3ml pre-filled Solostar pens,2021-08-01,missing
presentation,0601011L0BBAFAF,Humalog Pen 100units/ml inj 3ml pre-filled pens,2021-08-01,missing
presentation,0601011L0BBAFAF,Humalog Pen 100units/ml inj 3ml pre-filled pens,2022-01-01,missing
presentation,0601011L0BBAFAF,Humalog Pen 100units/ml inj 3ml pre-filled pens,2022-07-01,missing
presentation,0601011L0BBAFAF,Humalog Pen 100units/ml inj 3ml pre-filled pens,2022-11-01,missing
presentation,0601011L0BBAFAF,Humalog Pen 100units/ml inj 3ml pre-filled pens,2023-01-01,missing
presentation,0601011L0BBAFAF,Humalog Pen 100units/ml inj 3ml pre-filled pens,2023-02-01,missing
presentation,0601011L0BBAFAF,Humalog Pen 100units/ml inj 3ml pre-filled pens,2023-03-01,missing
presentation,0601011L0BBAFAF,Humalog Pen 100units/ml inj 3ml pre-filled pens,2023-04-01,missing
presentation,0601011L0BBAFAF,Humalog Pen 100units/ml inj 3ml pre-filled pens,2023-06-01,missing
presentation,0601011L0BBAFAF,Humalog Pen 100units/ml inj 3ml pre-filled pens,2023-07-01,missing
presentation,0601011L0BBAFAF,Humalog Pen 100units/ml inj 3ml pre-filled pens,2023-09-01,missing
presentation,0601011L0BBAFAF,Humalog Pen 100units/ml inj 3ml pre-filled pens,2023-10-01,missing
presentation,0601011L0BBAFAF,Humalog Pen 100units/ml inj 3ml pre-filled pens,2023-11-01,missing
presentation,0601011L0BBAFAF,Humalog Pen 100units/ml inj 3ml pre-filled pens,2023-12-01,missing
presentation,0601011L0BBAFAF,Humalog Pen 100units/ml inj 3ml pre-filled pens,2024-03-01,missing
presentation,0601011L0BBAFAF,Humalog Pen 100units/ml inj 3ml pre-filled pens,2024-04-01,missing
presentation,0601011L0BBAFAF,Humalog Pen 100units/ml inj 3ml pre-filled pens,2024-07-01,missing
presentation,0601011L0BBAFAF,Humalog Pen 100units/ml inj 3ml pre-filled pens,2024-09-01,missing
presentation,0601011L0BBAFAF,Humalog Pen 100units/ml inj 3ml pre-filled pens,2024-10-01,missing
presentation,0601011L0BBAFAF,Humalog Pen 100units/ml inj 3ml pre-filled pens,2024-11-01,missing
presentation,0601011L0BBAFAF,Humalog Pen 100units/ml inj 3ml pre-filled pens,2025-03-01,missing
presentation,0601011L0BBAFAF,Humalog Pen 100units/ml inj 3ml pre-filled pens,2025-04-01,missing
presentation,0601011L0BBAFAF,Humalog Pen 100units/ml inj 3ml pre-filled pens,2025-06-01,missing
presentation,0601011L0BBAFAF,Humalog Pen 100units/ml inj 3ml pre-filled pens,2025-07-01,missing
presentation,0601011L0BBAFAF,Humalog Pen 100units/ml inj 3ml pre-filled pens,2025-08-01,missing
presentation,0601011L0BBAFAF,Humalog Pen 100units/ml inj 3ml pre-filled pens,2025-09-01,missing
presentation,0601011L0BBAFAF,Humalog Pen 100units/ml inj 3ml pre-filled pens,2025-10-01,missing
presentation,0601011L0BBAFAF,Humalog Pen 100units/ml inj 3ml pre-filled pens,2025-12-01,missing
presentation,0601011L0BBAFAF,Humalog Pen 100units/ml inj 3ml pre-filled pens,2026-02-01,missing
presentation,0601011L0BBAJAF,Humalog Tempo Pen 100units/ml inj 3ml pre-filled pens,2024-12-01,missing
presentation,0601011L0BBAJAF,Humalog Tempo Pen 100units/ml inj 3ml pre-filled pens,2025-01-01,missing
presentation,0601011L0BBAJAF,Humalog Tempo Pen 100units/ml inj 3ml pre-filled pens,2025-02-01,missing
presentation,0601011L0BBAJAF,Humalog Tempo Pen 100units/ml inj 3ml pre-filled pens,2025-03-01,missing
presentation,0601011L0BBAJAF,Humalog Tempo Pen 100units/ml inj 3ml pre-filled pens,2025-04-01,missing
presentation,0601011L0BBAJAF,Humalog Tempo Pen 100units/ml inj 3ml pre-filled pens,2025-05-01,missing
presentation,0601011L0BBAJAF,Humalog Tempo Pen 100units/ml inj 3ml pre-filled pens,2025-06-01,missing
presentation,0601011L0BBAJAF,Humalog Tempo Pen 100units/ml inj 3ml pre-filled pens,2025-07-01,missing
presentation,0601011L0BBAJAF,Humalog Tempo Pen 100units/ml inj 3ml pre-filled pens,2025-08-01,missing
presentation,0601011L0BBAJAF,Humalog Tempo Pen 100units/ml inj 3ml pre-filled pens,2025-09-01,missing
presentation,0601011L0BBAJAF,Humalog Tempo Pen 100units/ml inj 3ml pre-filled pens,2025-10-01,missing
presentation,0601011L0BBAJAF,Humalog Tempo Pen 100units/ml inj 3ml pre-filled pens,2025-11-01,missing
presentation,0601011L0BBAJAF,Humalog Tempo Pen 100units/ml inj 3ml pre-filled pens,2025-12-01,missing
presentation,0601011L0BBAJAF,Humalog Tempo Pen 100units/ml inj 3ml pre-filled pens,2026-01-01,missing
presentation,0601011L0BBAJAF,Humalog Tempo Pen 100units/ml inj 3ml pre-filled pens,2026-02-01,missing
presentation,0601011L0BBAJAF,Humalog Tempo Pen 100units/ml inj 3ml pre-filled pens,2026-03-01,missing
presentation,0601011L0BBAJAF,Humalog Tempo Pen 100units/ml inj 3ml pre-filled pens,2026-04-01,missing
presentation,0601011L0BBAJAF,Humalog Tempo Pen 100units/ml inj 3ml pre-filled pens,2026-05-01,missing
presentation,0601011L0BBAJAF,Humalog Tempo Pen 100units/ml inj 3ml pre-filled pens,2026-06-01,missing
presentation,0601011L0BDAFAF,Lyumjev Tempo Pen 100units/ml inj 3ml pre-filled pens,2022-11-01,missing
presentation,0601011L0BDAFAF,Lyumjev Tempo Pen 100units/ml inj 3ml pre-filled pens,2023-01-01,missing
presentation,0601011L0BDAFAF,Lyumjev Tempo Pen 100units/ml inj 3ml pre-filled pens,2024-08-01,missing
brand,Trurapi,Trurapi,2020-11-01,missing
brand,Trurapi,Trurapi,2020-12-01,missing
brand,Trurapi,Trurapi,2021-01-01,missing
brand,Trurapi,Trurapi,2021-02-01,missing
brand,Trurapi,Trurapi,2021-03-01,missing
brand,Trurapi,Trurapi,2021-04-01,missing
brand,Trurapi,Trurapi,2021-05-01,missing
brand,Trurapi,Trurapi,2021-08-01,missing
