icb_code,icb,Apidra,Fiasp,Humalog,Lyumjev,NovoRapid,Trurapi,total_units,Lyumjev_share_pct,Humalog_share_pct,NovoRapid_share_pct,Fiasp_share_pct,Trurapi_share_pct,Apidra_share_pct,ultra_rapid_share_pct
QHL,NHS Birmingham And Solihull Integrated Care Board,8782900.0,5898300.0,28477400.0,772500.0,148240880.0,18148900.0,210320880.0,0.367,13.54,70.483,2.804,8.629,4.176,3.172
Z9B2Z,NHS West And North London Integrated Care Board,5260600.0,25764300.0,47536500.0,9093800.0,288687520.0,17851300.0,394194020.0,2.307,12.059,73.235,6.536,4.529,1.335,8.843
QWE,NHS South West London Integrated Care Board,2907200.0,14960600.0,15956900.0,875000.0,131277780.0,640300.0,166617780.0,0.525,9.577,78.79,8.979,0.384,1.745,9.504
QT6,NHS Cornwall And The Isles Of Scilly Integrated Care Board,2790000.0,6106900.0,6420600.0,2288000.0,52604580.0,10471500.0,80681580.0,2.836,7.958,65.2,7.569,12.979,3.458,10.405
QMF,NHS North East London Integrated Care Board,4252200.0,20776400.0,32925400.0,6402200.0,195484200.0,464000.0,260304400.0,2.46,12.649,75.098,7.982,0.178,1.634,10.441
QKK,NHS South East London Integrated Care Board,2981500.0,19946700.0,25694300.0,2267300.0,155430140.0,403800.0,206723740.0,1.097,12.429,75.187,9.649,0.195,1.442,10.746
T6Y0W,NHS Norfolk And Suffolk Integrated Care Board,5327000.0,25559400.0,27038800.0,3243400.0,158231140.0,37916300.0,257316040.0,1.26,10.508,61.493,9.933,14.735,2.07,11.194
QVV,NHS Dorset Integrated Care Board,5509500.0,12824600.0,13100300.0,1067200.0,81416780.0,2113500.0,116031880.0,0.92,11.29,70.168,11.053,1.821,4.748,11.972
QJM,NHS Lincolnshire Integrated Care Board,2925800.0,14349600.0,21417000.0,702300.0,81090040.0,1539500.0,122024240.0,0.576,17.551,66.454,11.76,1.262,2.398,12.335
QUY,"NHS Bristol, North Somerset And South Gloucestershire Integrated Care Board",1347800.0,15562900.0,14509000.0,977800.0,67730100.0,26057200.0,126184800.0,0.775,11.498,53.675,12.333,20.65,1.068,13.108
QWU,NHS Coventry And Warwickshire Integrated Care Board,2258000.0,19462200.0,12055100.0,1094300.0,99667960.0,4276200.0,138813760.0,0.788,8.684,71.8,14.02,3.081,1.627,14.809
D7T5G,NHS Essex Integrated Care Board,4273500.0,26618700.0,41775900.0,17871600.0,180841760.0,13317800.0,284699260.0,6.277,14.674,63.52,9.35,4.678,1.501,15.627
QOX,"NHS Bath And North East Somerset, Swindon And Wiltshire Integrated Care Board",1404100.0,16649300.0,25922000.0,5112700.0,83699340.0,3370500.0,136157940.0,3.755,19.038,61.472,12.228,2.475,1.031,15.983
S0E4D,NHS Thames Valley Integrated Care Board,3942500.0,36204700.0,36537700.0,10394200.0,195059940.0,7469900.0,289608940.0,3.589,12.616,67.353,12.501,2.579,1.361,16.09
QF7,NHS South Yorkshire Integrated Care Board,1324700.0,27478200.0,44985600.0,8011600.0,135842180.0,880600.0,218522880.0,3.666,20.586,62.164,12.575,0.403,0.606,16.241
QUA,NHS Black Country Integrated Care Board,14169700.0,27070500.0,13763300.0,2413400.0,112003280.0,7099500.0,176519680.0,1.367,7.797,63.451,15.336,4.022,8.027,16.703
QSL,NHS Somerset Integrated Care Board,913500.0,11953000.0,14987300.0,1142400.0,47614740.0,1553600.0,78164540.0,1.462,19.174,60.916,15.292,1.988,1.169,16.754
QOC,"NHS Shropshire, Telford And Wrekin Integrated Care Board",1096300.0,11380900.0,5773600.0,1069800.0,52086460.0,2088300.0,73495360.0,1.456,7.856,70.87,15.485,2.841,1.492,16.941
QWO,NHS West Yorkshire Integrated Care Board,3088200.0,30618800.0,62505400.0,26225400.0,197559540.0,4589500.0,324586840.0,8.08,19.257,60.865,9.433,1.414,0.951,17.513
QRL,NHS Hampshire And Isle Of Wight Integrated Care Board,3262700.0,39174900.0,34477500.0,10973100.0,162371980.0,32465700.0,282725880.0,3.881,12.195,57.431,13.856,11.483,1.154,17.737
QOP,NHS Greater Manchester Integrated Care Board,7439700.0,55781200.0,39215800.0,17341500.0,254726180.0,36963000.0,411467380.0,4.215,9.531,61.907,13.557,8.983,1.808,17.771
QNC,NHS Staffordshire And Stoke-On-Trent Integrated Care Board,12909400.0,27968800.0,26476500.0,5670900.0,102041160.0,8136300.0,183203060.0,3.095,14.452,55.698,15.267,4.441,7.046,18.362
S9B9J,NHS Surrey And Sussex Integrated Care Board,4480200.0,60396700.0,35212100.0,11417000.0,245380180.0,29783600.0,386669780.0,2.953,9.107,63.46,15.62,7.703,1.159,18.572
QYG,NHS Cheshire And Merseyside Integrated Care Board,16697700.0,66815400.0,49803400.0,14119100.0,205149980.0,73476800.0,426062380.0,3.314,11.689,48.15,15.682,17.246,3.919,18.996
QJK,NHS Devon Integrated Care Board,3384900.0,20655400.0,12473200.0,10041300.0,97021400.0,12370500.0,155946700.0,6.439,7.998,62.214,13.245,7.933,2.171,19.684
QPM,NHS Northamptonshire Integrated Care Board,1141800.0,21059500.0,9653100.0,2686600.0,58842560.0,26619500.0,120003060.0,2.239,8.044,49.034,17.549,22.182,0.951,19.788
QGH,NHS Herefordshire And Worcestershire Integrated Care Board,3551900.0,16983400.0,16731200.0,10309300.0,61174200.0,19532200.0,128282200.0,8.036,13.042,47.687,13.239,15.226,2.769,21.276
S1Y5D,NHS Central East Integrated Care Board,3334700.0,78795100.0,47118400.0,8770500.0,243621560.0,26072700.0,407712960.0,2.151,11.557,59.753,19.326,6.395,0.818,21.477
QOQ,NHS Humber And North Yorkshire Integrated Care Board,3335800.0,42676200.0,32348400.0,11872300.0,155173080.0,4411200.0,249816980.0,4.752,12.949,62.115,17.083,1.766,1.335,21.835
QR1,NHS Gloucestershire Integrated Care Board,8765300.0,11368700.0,10106200.0,9855500.0,42709800.0,11483900.0,94289400.0,10.452,10.718,45.297,12.057,12.179,9.296,22.51
QJ2,NHS Derby And Derbyshire Integrated Care Board,1596300.0,20335900.0,14600600.0,17222700.0,92670240.0,19127000.0,165552740.0,10.403,8.819,55.976,12.284,11.553,0.964,22.687
QHM,NHS North East And North Cumbria Integrated Care Board,2064500.0,105805400.0,47689500.0,9930000.0,291001580.0,35975400.0,492466380.0,2.016,9.684,59.091,21.485,7.305,0.419,23.501
QE1,NHS Lancashire And South Cumbria Integrated Care Board,4429400.0,42228300.0,28566500.0,21031600.0,150685120.0,8822200.0,255763120.0,8.223,11.169,58.916,16.511,3.449,1.732,24.734
QT1,NHS Nottingham And Nottinghamshire Integrated Care Board,2236800.0,38286600.0,20969000.0,8133800.0,93991820.0,15761200.0,179379220.0,4.534,11.69,52.398,21.344,8.787,1.247,25.878
QKS,NHS Kent And Medway Integrated Care Board,4085900.0,68359000.0,35273800.0,16989700.0,177209160.0,6440600.0,308358160.0,5.51,11.439,57.469,22.169,2.089,1.325,27.678
QK1,"NHS Leicester, Leicestershire And Rutland Integrated Care Board",3658200.0,36800000.0,15992100.0,12227100.0,66270760.0,28239000.0,163187160.0,7.493,9.8,40.61,22.551,17.305,2.242,30.043
