date,Pen/cartridge,Vial/pump
2020-11-01,4.387982036469346,8.48312319157791
2020-12-01,4.520754500406311,8.53601496725912
2021-01-01,4.718019751032876,9.03240980720355
2021-02-01,4.764396402375019,8.97547409074004
2021-03-01,4.96432056511389,8.912479233592887
2021-04-01,5.201302668465354,9.718039666722271
2021-05-01,5.375230570141223,9.891276737637924
2021-06-01,5.568801947779364,10.137640472329295
2021-07-01,5.77139384579789,10.445201927939973
2021-08-01,5.923026725617439,10.419543441168223
2021-09-01,6.043193685191087,10.785763990616765
2021-10-01,6.3017493504450215,10.88524951435364
2021-11-01,6.591989180761831,11.253397789605613
2021-12-01,6.783001200480192,11.20137411672657
2022-01-01,7.100230672990778,11.81043035173678
2022-02-01,7.243222387399144,12.306649361583908
2022-03-01,7.594395929705653,12.243398767497856
2022-04-01,7.877098935806266,12.784827408775918
2022-05-01,8.050624888322494,13.085439828462658
2022-06-01,8.363049331320939,13.362632907660272
2022-07-01,8.926273552132283,13.699115266562714
2022-08-01,8.72854580707384,14.298527556653607
2022-09-01,9.138417856621894,14.624738929401406
2022-10-01,9.435808105408283,14.587535964971998
2022-11-01,9.84977668400992,15.33965255852122
2022-12-01,9.964447816983544,15.44637281004503
2023-01-01,10.456270462842616,15.667395780547414
2023-02-01,10.73479265607657,15.97083757230768
2023-03-01,11.024870671233838,16.642219754368544
2023-04-01,10.90543762077546,16.933560055868387
2023-05-01,12.030302950826552,17.01417837513314
2023-06-01,12.071985699629499,16.73963804847553
2023-07-01,12.13772834660833,15.123405316544916
2023-08-01,12.363941812376604,17.609610874907673
2023-09-01,12.616277511192129,16.87645778707496
2023-10-01,12.831759691111152,16.417957079294446
2023-11-01,13.12283628779979,16.553623354485683
2023-12-01,13.443095515272466,16.864255831273205
2024-01-01,13.750042368466312,16.76622330470541
2024-02-01,13.906340622775529,17.032072624751695
2024-03-01,14.227756380964815,17.079330153890854
2024-04-01,14.439603798134703,17.34427130051303
2024-05-01,14.18560308284228,17.05909320366345
2024-06-01,13.76980430217121,17.059319384155632
2024-07-01,14.666566860291036,16.85043103821545
2024-08-01,14.805347298094915,17.005723981781337
2024-09-01,15.082526590310755,16.157596228039708
2024-10-01,15.082730435503807,17.441103068203244
2024-11-01,15.178912443818598,17.457914335308324
2024-12-01,15.356136992648045,17.40005092310044
2025-01-01,15.432497590979741,17.62629323006986
2025-02-01,15.553822821490144,17.84167368635517
2025-03-01,15.417458621118884,16.588771831811798
2025-04-01,15.804433230932164,18.161378435089134
2025-05-01,15.90045637358056,17.940153401800423
2025-06-01,16.29786712696852,17.82838836166511
2025-07-01,16.38677608038909,17.52012202223044
2025-08-01,16.18991619356583,18.774251268777494
2025-09-01,16.29627901521146,18.512078215170437
2025-10-01,16.34029943796225,18.47399918838899
2025-11-01,16.50806013477357,18.756149514913464
2025-12-01,16.642592264091974,18.826770071051108
2026-01-01,16.96017204745513,19.288194659418764
2026-02-01,16.85060641620608,19.50176158070018
2026-03-01,17.005285302103573,19.473392066774316
2026-04-01,17.111283663748118,20.02673355240775
2026-05-01,17.392946470724137,20.123509624896492
2026-06-01,16.981565624276,20.489337979648973
2026-07-01,17.20694498658397,20.390092540271887
