nation,level,area,lyumjev_pct,ultra_pct,degludec_pct,glargine300_pct,newer_basal_pct,rapid_units_m,basal_units_m
England,ICB,Unidentified,7.1,24.31,26.53,30.53,57.06,0.26,0.23
England,ICB,Essex,6.25,15.57,14.07,22.11,36.18,285.82,225.02
England,ICB,Lancashire And South Cumbria,8.19,24.63,21.43,36.83,58.25,256.88,203.74
England,ICB,South Yorkshire,3.66,16.21,35.94,34.11,70.05,218.9,156.08
England,ICB,Herefordshire And Worcestershire,7.97,21.12,21.89,40.29,62.17,129.21,101.78
England,ICB,Birmingham And Solihull,0.37,3.17,8.64,19.49,28.13,210.71,196.09
England,ICB,North East And North Cumbria,2.01,23.45,29.27,26.01,55.27,493.54,283.36
England,ICB,Derby And Derbyshire,10.39,22.66,31.15,15.09,46.25,165.73,89.35
England,ICB,Devon,6.38,19.52,11.66,32.06,43.72,157.28,113.66
England,ICB,Lincolnshire,0.57,12.3,19.92,36.75,56.68,122.41,93.24
England,ICB,"Leicester, Leicestershire And Rutland",7.47,29.96,28.74,23.1,51.84,163.61,140.93
England,ICB,South East London,1.1,10.73,12.91,23.85,36.77,206.97,185.43
England,ICB,Kent And Medway,5.5,27.64,14.76,33.62,48.38,308.77,234.26
England,ICB,North East London,2.44,10.34,16.51,6.25,22.76,262.89,209.74
England,ICB,Staffordshire And Stoke-On-Trent,3.07,18.21,24.03,27.55,51.59,184.73,135.88
England,ICB,"Shropshire, Telford And Wrekin",1.45,16.88,13.71,26.18,39.89,73.77,57.79
England,ICB,Greater Manchester,4.2,17.72,21.74,31.62,53.36,412.68,290.23
England,ICB,Humber And North Yorkshire,4.74,21.79,42.67,23.68,66.35,250.28,158.77
England,ICB,"Bath And North East Somerset, Swindon And Wiltshire",3.75,15.97,27.94,11.71,39.65,136.31,108.7
England,ICB,Northamptonshire,2.24,19.77,39.74,4.86,44.6,120.11,66.89
England,ICB,Gloucestershire,10.26,22.1,16.44,12.81,29.25,96.05,79.18
England,ICB,Hampshire And Isle Of Wight,3.85,17.9,38.59,16.49,55.09,264.85,244.66
England,ICB,Somerset,1.46,16.68,21.53,16.24,37.76,78.51,62.95
England,ICB,Nottingham And Nottinghamshire,4.52,25.81,30.09,25.49,55.58,179.86,116.18
England,ICB,Cornwall And The Isles Of Scilly,2.82,10.36,33.37,7.05,40.41,81.01,56.13
England,ICB,Black Country,1.37,16.69,14.08,36.58,50.67,176.6,165.36
England,ICB,"Bristol, North Somerset And South Gloucestershire",0.77,13.07,16.66,32.27,48.93,126.52,94.18
England,ICB,Dorset,0.92,11.95,31.48,18.82,50.3,116.28,109.23
England,ICB,South West London,0.52,9.47,24.66,22.56,47.22,167.13,139.15
England,ICB,West Yorkshire,8.07,17.49,20.87,36.36,57.24,324.92,213.74
England,ICB,Coventry And Warwickshire,0.78,14.72,30.92,23.13,54.05,139.64,118.24
England,ICB,Cheshire And Merseyside,3.3,18.92,22.07,37.01,59.09,427.67,297.84
England,ICB,Thames Valley,3.35,16.39,28.48,21.49,49.97,254.07,196.36
England,ICB,Central East,2.14,21.35,28.01,15.45,43.46,410.19,252.15
England,ICB,Surrey And Sussex,2.94,18.67,28.0,26.01,54.01,376.03,333.07
England,ICB,Norfolk And Suffolk,1.26,11.18,15.19,28.39,43.58,257.93,187.04
England,ICB,West And North London,2.29,8.77,15.71,10.65,26.36,397.56,309.57
England,sub-ICB location,NHS NORTH EAST AND NORTH CUMBRIA ICB - 00L,0.42,23.69,18.78,17.27,36.05,48.78,20.29
England,sub-ICB location,NHS NORTH EAST AND NORTH CUMBRIA ICB - 00N,10.41,19.72,41.13,32.75,73.88,27.06,19.0
England,sub-ICB location,NHS NORTH EAST AND NORTH CUMBRIA ICB - 00P,6.55,10.43,40.55,41.18,81.73,49.3,33.05
England,sub-ICB location,NHS LANCASHIRE AND SOUTH CUMBRIA ICB - 00Q,9.18,24.21,14.98,65.39,80.37,23.22,18.75
England,sub-ICB location,NHS LANCASHIRE AND SOUTH CUMBRIA ICB - 00R,3.43,22.71,29.74,15.61,45.35,23.67,28.69
England,sub-ICB location,NHS GREATER MANCHESTER ICB - 00T,1.27,7.06,19.11,30.39,49.5,37.36,31.36
England,sub-ICB location,NHS GREATER MANCHESTER ICB - 00V,2.75,25.83,25.77,21.76,47.53,24.19,15.6
England,sub-ICB location,NHS LANCASHIRE AND SOUTH CUMBRIA ICB - 00X,14.9,27.36,17.25,40.06,57.31,25.95,22.07
England,sub-ICB location,NHS GREATER MANCHESTER ICB - 00Y,1.03,9.16,14.83,36.94,51.76,32.89,28.01
England,sub-ICB location,NHS LANCASHIRE AND SOUTH CUMBRIA ICB - 01A,7.19,27.1,25.47,46.92,72.39,57.07,49.15
England,sub-ICB location,NHS GREATER MANCHESTER ICB - 01D,3.0,20.68,18.96,32.54,51.5,27.52,22.01
England,sub-ICB location,NHS LANCASHIRE AND SOUTH CUMBRIA ICB - 01E,23.44,37.36,21.01,41.08,62.1,27.25,18.34
England,sub-ICB location,NHS CHESHIRE AND MERSEYSIDE ICB - 01F,1.02,15.47,5.96,73.16,79.12,25.55,18.57
England,sub-ICB location,NHS GREATER MANCHESTER ICB - 01G,14.63,32.36,26.31,32.42,58.74,33.83,18.19
England,sub-ICB location,NHS NORTH EAST AND NORTH CUMBRIA ICB - 01H,0.51,42.55,29.13,34.84,63.97,62.85,40.72
England,sub-ICB location,NHS CHESHIRE AND MERSEYSIDE ICB - 01J,1.13,14.47,24.6,37.48,62.08,31.07,22.21
England,sub-ICB location,NHS LANCASHIRE AND SOUTH CUMBRIA ICB - 01K,3.64,20.42,19.81,20.26,40.07,52.46,27.77
England,sub-ICB location,NHS CHESHIRE AND MERSEYSIDE ICB - 01T,3.58,19.0,33.56,22.05,55.6,24.95,19.94
England,sub-ICB location,NHS CHESHIRE AND MERSEYSIDE ICB - 01V,2.72,9.71,6.73,56.63,63.36,19.61,14.91
England,sub-ICB location,NHS GREATER MANCHESTER ICB - 01W,3.63,34.61,32.38,24.81,57.19,49.13,24.76
England,sub-ICB location,NHS CHESHIRE AND MERSEYSIDE ICB - 01X,0.33,14.23,6.18,65.68,71.86,39.98,25.13
England,sub-ICB location,NHS GREATER MANCHESTER ICB - 01Y,3.0,15.83,14.24,24.11,38.36,32.09,26.92
England,sub-ICB location,NHS GREATER MANCHESTER ICB - 02A,4.12,17.96,22.28,35.04,57.32,31.64,17.68
England,sub-ICB location,NHS CHESHIRE AND MERSEYSIDE ICB - 02E,2.06,16.73,6.85,73.73,80.58,32.21,24.06
England,sub-ICB location,NHS LANCASHIRE AND SOUTH CUMBRIA ICB - 02G,1.93,11.98,9.96,55.68,65.64,20.07,13.52
England,sub-ICB location,NHS GREATER MANCHESTER ICB - 02H,2.22,9.32,26.59,35.89,62.48,52.18,36.88
England,sub-ICB location,NHS LANCASHIRE AND SOUTH CUMBRIA ICB - 02M,5.26,23.48,20.67,22.39,43.06,26.97,25.32
England,sub-ICB location,NHS SOUTH YORKSHIRE ICB - 02P,5.24,15.24,20.64,46.66,67.3,49.85,32.59
England,sub-ICB location,NHS NOTTINGHAM AND NOTTINGHAMSHIRE ICB - 02Q,5.54,28.05,49.46,14.87,64.33,21.69,16.28
England,sub-ICB location,NHS WEST YORKSHIRE ICB - 02T,7.19,15.56,15.99,22.17,38.16,29.71,18.27
England,sub-ICB location,NHS SOUTH YORKSHIRE ICB - 02X,3.1,30.92,31.98,36.63,68.61,50.02,44.11
England,sub-ICB location,NHS HUMBER AND NORTH YORKSHIRE ICB - 02Y,6.37,25.75,47.3,28.98,76.28,47.52,29.23
England,sub-ICB location,NHS HUMBER AND NORTH YORKSHIRE ICB - 03F,8.59,26.99,43.26,40.28,83.54,43.08,27.6
England,sub-ICB location,NHS HUMBER AND NORTH YORKSHIRE ICB - 03H,0.55,12.76,44.22,9.52,53.75,24.97,18.97
England,sub-ICB location,NHS HUMBER AND NORTH YORKSHIRE ICB - 03K,0.63,25.52,48.6,11.21,59.81,28.0,21.39
England,sub-ICB location,NHS SOUTH YORKSHIRE ICB - 03L,7.38,18.09,38.31,14.57,52.87,43.03,23.27
England,sub-ICB location,NHS SOUTH YORKSHIRE ICB - 03N,0.73,5.92,47.11,32.88,79.99,75.45,55.8
England,sub-ICB location,NHS HUMBER AND NORTH YORKSHIRE ICB - 03Q,2.09,8.76,39.46,25.87,65.33,28.01,12.94
England,sub-ICB location,NHS WEST YORKSHIRE ICB - 03R,16.18,28.46,19.58,56.2,75.78,60.98,39.89
England,sub-ICB location,"NHS LEICESTER, LEICESTERSHIRE AND RUTLAND ICB - 03W",8.53,35.28,34.15,21.64,55.79,53.09,41.71
England,sub-ICB location,"NHS LEICESTER, LEICESTERSHIRE AND RUTLAND ICB - 04C",6.14,22.69,25.33,24.98,50.31,52.02,53.96
England,sub-ICB location,"NHS LEICESTER, LEICESTERSHIRE AND RUTLAND ICB - 04V",7.71,31.63,27.79,22.17,49.96,58.46,45.19
England,sub-ICB location,NHS STAFFORDSHIRE AND STOKE-ON-TRENT ICB - 04Y,1.21,11.96,20.67,32.08,52.75,22.93,17.99
England,sub-ICB location,NHS STAFFORDSHIRE AND STOKE-ON-TRENT ICB - 05D,13.31,19.98,16.52,14.5,31.02,25.36,16.2
England,sub-ICB location,NHS STAFFORDSHIRE AND STOKE-ON-TRENT ICB - 05G,1.28,25.52,31.14,28.29,59.43,35.32,26.39
England,sub-ICB location,NHS STAFFORDSHIRE AND STOKE-ON-TRENT ICB - 05Q,3.28,11.73,16.52,23.67,40.18,34.53,25.98
England,sub-ICB location,NHS STAFFORDSHIRE AND STOKE-ON-TRENT ICB - 05V,0.55,15.14,26.63,30.45,57.08,22.51,13.77
England,sub-ICB location,NHS STAFFORDSHIRE AND STOKE-ON-TRENT ICB - 05W,0.7,21.32,28.62,32.37,60.99,43.76,35.1
England,sub-ICB location,NHS CENTRAL EAST ICB - 06H,2.34,17.7,24.55,27.95,52.49,141.94,86.95
England,sub-ICB location,NHS CENTRAL EAST ICB - 06K,0.41,26.91,36.9,5.26,42.16,79.58,46.72
England,sub-ICB location,NHS NORFOLK AND SUFFOLK ICB - 06L,3.36,15.93,24.86,23.07,47.93,58.29,39.01
England,sub-ICB location,NHS CENTRAL EAST ICB - 06N,0.72,13.81,25.85,4.65,30.5,67.42,39.28
England,sub-ICB location,NHS ESSEX ICB - 06Q,2.76,8.64,17.65,7.03,24.68,61.4,44.44
England,sub-ICB location,NHS ESSEX ICB - 06T,15.72,22.07,7.62,50.0,57.62,58.19,59.62
England,sub-ICB location,NHS ESSEX ICB - 07G,7.8,15.5,9.96,17.11,27.07,25.8,20.07
England,sub-ICB location,NHS ESSEX ICB - 07H,1.06,13.7,15.93,7.75,23.68,46.41,32.97
England,sub-ICB location,NHS NORFOLK AND SUFFOLK ICB - 07K,0.59,11.4,22.14,7.79,29.93,39.69,23.75
England,sub-ICB location,NHS SURREY AND SUSSEX ICB - 09D,9.57,33.86,29.89,28.36,58.25,33.06,27.28
England,sub-ICB location,NHS THAMES VALLEY ICB - 10Q,5.31,23.53,28.17,22.55,50.72,88.45,78.79
England,sub-ICB location,NHS HAMPSHIRE AND ISLE OF WIGHT ICB - 10R,5.95,24.09,47.06,13.34,60.4,21.33,17.38
England,sub-ICB location,NHS DORSET ICB - 11J,0.92,11.95,31.48,18.82,50.3,116.28,109.22
England,sub-ICB location,NHS GLOUCESTERSHIRE ICB - 11M,10.25,22.1,16.43,12.82,29.26,95.95,79.07
England,sub-ICB location,NHS CORNWALL AND THE ISLES OF SCILLY ICB - 11N,2.82,10.36,33.37,7.05,40.41,81.01,56.13
England,sub-ICB location,NHS SOMERSET ICB - 11X,1.46,16.68,21.53,16.24,37.76,78.51,62.95
England,sub-ICB location,NHS CHESHIRE AND MERSEYSIDE ICB - 12F,6.78,32.3,39.09,30.46,69.55,47.63,35.11
England,sub-ICB location,NHS NORTH EAST AND NORTH CUMBRIA ICB - 13T,0.69,22.96,28.22,7.32,35.55,60.92,34.63
England,sub-ICB location,NHS GREATER MANCHESTER ICB - 14L,5.33,13.0,20.86,34.06,54.92,91.37,68.37
England,sub-ICB location,NHS THAMES VALLEY ICB - 14Y,0.92,12.08,32.36,27.44,59.79,83.0,55.4
England,sub-ICB location,NHS THAMES VALLEY ICB - 15A,3.14,12.38,28.92,5.57,34.5,62.39,48.46
England,sub-ICB location,"NHS BRISTOL, NORTH SOMERSET AND SOUTH GLOUCESTERSHIRE ICB - 15C",0.77,13.07,16.67,32.23,48.9,126.44,94.0
England,sub-ICB location,NHS BIRMINGHAM AND SOLIHULL ICB - 15E,0.37,3.17,8.64,19.49,28.13,210.7,196.07
England,sub-ICB location,NHS WEST YORKSHIRE ICB - 15F,0.89,10.51,21.01,20.46,41.47,100.65,64.23
England,sub-ICB location,NHS DERBY AND DERBYSHIRE ICB - 15M,10.4,22.68,31.18,15.1,46.28,165.57,89.18
England,sub-ICB location,NHS DEVON ICB - 15N,6.38,19.52,11.66,32.06,43.72,157.27,113.64
England,sub-ICB location,NHS NORTH EAST AND NORTH CUMBRIA ICB - 16C,1.35,23.24,27.29,12.23,39.52,106.81,55.45
England,sub-ICB location,NHS HEREFORDSHIRE AND WORCESTERSHIRE ICB - 18C,7.97,21.12,21.89,40.29,62.17,129.21,101.78
England,sub-ICB location,NHS NORFOLK AND SUFFOLK ICB - 26A,0.66,9.39,10.83,33.99,44.82,159.92,124.23
England,sub-ICB location,NHS CHESHIRE AND MERSEYSIDE ICB - 27D,5.33,20.89,29.95,16.9,46.85,121.0,75.69
England,sub-ICB location,NHS WEST YORKSHIRE ICB - 36J,10.75,17.3,26.5,42.85,69.36,75.2,53.25
England,sub-ICB location,NHS SOUTH WEST LONDON ICB - 36L,0.52,9.48,24.67,22.53,47.2,167.09,139.07
England,sub-ICB location,NHS HUMBER AND NORTH YORKSHIRE ICB - 42D,5.39,22.73,37.22,21.44,58.66,78.64,48.55
England,sub-ICB location,NHS NOTTINGHAM AND NOTTINGHAMSHIRE ICB - 52R,4.38,25.51,26.94,27.23,54.16,158.15,99.88
England,sub-ICB location,NHS SURREY AND SUSSEX ICB - 70F,3.35,23.48,25.18,23.25,48.43,121.24,99.3
England,sub-ICB location,NHS LINCOLNSHIRE ICB - 71E,0.57,12.3,19.93,36.77,56.7,122.36,93.14
England,sub-ICB location,NHS SOUTH EAST LONDON ICB - 72Q,1.1,10.72,12.91,23.8,36.72,206.74,184.75
England,sub-ICB location,NHS NORTHAMPTONSHIRE ICB - 78H,2.24,19.77,39.74,4.86,44.6,120.11,66.88
England,sub-ICB location,NHS NORTH EAST AND NORTH CUMBRIA ICB - 84H,1.35,17.7,26.84,37.35,64.19,108.11,66.99
England,sub-ICB location,NHS KENT AND MEDWAY ICB - 91Q,5.5,27.64,14.76,33.63,48.38,308.65,234.18
England,sub-ICB location,NHS SURREY AND SUSSEX ICB - 92A,0.88,10.41,21.8,29.06,50.86,139.24,119.09
England,sub-ICB location,"NHS BATH AND NORTH EAST SOMERSET, SWINDON AND WILTSHIRE ICB - 92G",3.75,15.97,27.94,11.71,39.65,136.31,108.7
England,sub-ICB location,NHS WEST AND NORTH LONDON ICB - 93C,1.17,6.41,22.63,3.25,25.88,146.01,109.46
England,sub-ICB location,NHS SURREY AND SUSSEX ICB - 97R,3.12,19.28,39.06,24.29,63.35,81.92,86.84
England,sub-ICB location,NHS CHESHIRE AND MERSEYSIDE ICB - 99A,1.8,16.38,19.15,28.24,47.39,85.36,61.82
England,sub-ICB location,NHS NORTH EAST AND NORTH CUMBRIA ICB - 99C,0.1,30.35,23.39,14.17,37.56,29.08,12.6
England,sub-ICB location,NHS ESSEX ICB - 99E,10.85,18.91,8.65,15.63,24.28,37.04,28.42
England,sub-ICB location,NHS ESSEX ICB - 99F,1.37,17.56,21.75,18.04,39.79,29.49,21.97
England,sub-ICB location,NHS ESSEX ICB - 99G,0.34,13.85,27.35,13.89,41.24,27.44,17.44
England,sub-ICB location,NHS NORTH EAST LONDON ICB - A3A8R,2.44,10.34,16.51,6.25,22.76,262.89,209.74
England,sub-ICB location,NHS COVENTRY AND WARWICKSHIRE ICB - B2M3M,0.78,14.72,30.93,23.13,54.06,139.53,118.14
England,sub-ICB location,NHS BLACK COUNTRY ICB - D2P2L,1.37,16.7,14.08,36.59,50.67,176.53,165.31
England,sub-ICB location,NHS HAMPSHIRE AND ISLE OF WIGHT ICB - D9Y0V,3.67,17.36,37.94,16.74,54.68,243.46,227.23
England,sub-ICB location,NHS CENTRAL EAST ICB - M1J4Y,3.83,26.16,27.45,13.2,40.65,121.0,78.58
England,sub-ICB location,"NHS SHROPSHIRE, TELFORD AND WREKIN ICB - M2L0M",1.45,16.87,13.71,26.18,39.89,73.75,57.78
England,sub-ICB location,NHS THAMES VALLEY ICB - U2G6B,5.32,14.89,12.71,48.2,60.91,19.82,13.4
England,sub-ICB location,NHS WEST AND NORTH LONDON ICB - W2U3Z,2.94,10.15,11.93,14.67,26.6,251.36,199.86
England,sub-ICB location,NHS WEST YORKSHIRE ICB - X2C4Y,8.99,19.3,16.45,40.15,56.6,58.34,38.06
Scotland,board,Ayrshire and Arran,0.59,4.67,11.61,16.0,27.61,72.45,34.65
Scotland,board,Borders,0.5,7.98,21.37,2.94,24.31,21.65,12.92
Scotland,board,Dumfries and Galloway,0.18,6.59,20.05,5.54,25.59,31.7,13.78
Scotland,board,Fife,5.24,10.63,8.9,28.56,37.46,75.39,39.15
Scotland,board,Forth Valley,0.9,5.24,12.34,4.57,16.9,54.19,24.37
Scotland,board,Grampian,0.2,5.18,13.7,1.47,15.17,89.74,43.42
Scotland,board,Greater Glasgow and Clyde,5.51,26.4,28.15,16.27,44.42,159.58,77.48
Scotland,board,Highland,13.81,26.25,31.76,36.88,68.64,66.31,39.34
Scotland,board,Lanarkshire,0.98,19.92,25.86,10.28,36.14,124.78,64.21
Scotland,board,Lothian,4.55,16.85,44.6,3.83,48.43,140.32,60.81
Scotland,board,Orkney,0.0,2.71,21.37,30.17,51.55,4.62,3.01
Scotland,board,Shetland,0.0,0.3,28.51,5.21,33.73,4.96,3.34
Scotland,board,Tayside,0.35,3.01,30.89,25.57,56.46,57.18,41.79
Scotland,board,Western Isles,2.57,23.53,62.35,3.42,65.78,5.03,3.51
Wales,board,Aneurin Bevan,1.87,18.75,19.61,22.76,42.36,95.05,75.67
Wales,board,Betsi Cadwaladr,9.16,28.96,13.52,48.81,62.34,111.66,85.62
Wales,board,Cardiff and Vale,0.4,22.01,21.25,4.41,25.66,64.17,43.18
Wales,board,Cwm Taf Morgannwg,4.77,56.32,33.62,18.33,51.95,86.44,45.76
Wales,board,Hywel Dda,10.07,30.5,35.14,22.6,57.74,68.29,47.97
Wales,board,Powys,3.74,23.73,21.9,21.82,43.71,21.39,16.56
Wales,board,Swansea Bay,9.91,44.99,20.96,25.18,46.14,65.23,40.87
Northern Ireland,nation,Northern Ireland,5.95,26.37,33.49,14.84,48.33,329.91,206.63
