year,atc,patients,dispensings
2015,A10AB04,26916,103855
2015,A10AB05,69730,255247
2015,A10AB06,5921,23102
2016,A10AB04,27878,108600
2016,A10AB05,70690,262038
2016,A10AB06,6216,24524
2017,A10AB04,28869,113185
2017,A10AB05,72210,270559
2017,A10AB06,6467,25876
2018,A10AB04,29894,118721
2018,A10AB05,74004,285894
2018,A10AB06,6081,24782
2019,A10AB04,33450,131219
2019,A10AB05,73302,285165
2019,A10AB06,5302,21197
2020,A10AB04,36911,147472
2020,A10AB05,70788,278353
2020,A10AB06,4293,17314
2021,A10AB04,38638,156123
2021,A10AB05,70009,273263
2021,A10AB06,3672,14642
2022,A10AB04,39698,165416
2022,A10AB05,70553,286456
2022,A10AB06,3290,13144
2023,A10AB04,40431,168607
2023,A10AB05,71525,290817
2023,A10AB06,2932,11535
2024,A10AB04,42686,177693
2024,A10AB05,72118,295281
2024,A10AB06,2631,10347
2025,A10AB04,45271,188411
2025,A10AB05,71046,290416
2025,A10AB06,2307,9212
