month,cip13,label,atc5,boxes
2025-07,3400927714573,NOVORAPID PUMPCART 160U SOL INJ CART 5,A10AB05,13909
2025-08,3400927714573,NOVORAPID PUMPCART 160U SOL INJ CART 5,A10AB05,8932
2025-09,3400927714573,NOVORAPID PUMPCART 160U SOL INJ CART 5,A10AB05,11434
2025-10,3400927714573,NOVORAPID PUMPCART 160U SOL INJ CART 5,A10AB05,12382
2025-11,3400927714573,NOVORAPID PUMPCART 160U SOL INJ CART 5,A10AB05,11032
2025-12,3400927714573,NOVORAPID PUMPCART 160U SOL INJ CART 5,A10AB05,14147
2025-07,3400930000854,HUMALOG 200 UI/ML KWIKPEN SOL INJ 5,A10AB04,14311
2025-08,3400930000854,HUMALOG 200 UI/ML KWIKPEN SOL INJ 5,A10AB04,11766
2025-09,3400930000854,HUMALOG 200 UI/ML KWIKPEN SOL INJ 5,A10AB04,13108
2025-10,3400930000854,HUMALOG 200 UI/ML KWIKPEN SOL INJ 5,A10AB04,13717
2025-11,3400930000854,HUMALOG 200 UI/ML KWIKPEN SOL INJ 5,A10AB04,12128
2025-12,3400930000854,HUMALOG 200 UI/ML KWIKPEN SOL INJ 5,A10AB04,14494
2025-07,3400930083161,FIASP 300U SOL INJ STYLO 5,A10AB05,36402
2025-08,3400930083161,FIASP 300U SOL INJ STYLO 5,A10AB05,21912
2025-09,3400930083161,FIASP 300U SOL INJ STYLO 5,A10AB05,26576
2025-10,3400930083161,FIASP 300U SOL INJ STYLO 5,A10AB05,28982
2025-11,3400930083161,FIASP 300U SOL INJ STYLO 5,A10AB05,23988
2025-12,3400930083161,FIASP 300U SOL INJ STYLO 5,A10AB05,27064
2025-07,3400930083178,FIASP 1000U SOL INJ FL 1,A10AB05,29825
2025-08,3400930083178,FIASP 1000U SOL INJ FL 1,A10AB05,25336
2025-09,3400930083178,FIASP 1000U SOL INJ FL 1,A10AB05,28955
2025-10,3400930083178,FIASP 1000U SOL INJ FL 1,A10AB05,28383
2025-11,3400930083178,FIASP 1000U SOL INJ FL 1,A10AB05,25411
2025-12,3400930083178,FIASP 1000U SOL INJ FL 1,A10AB05,30734
2025-07,3400930083185,FIASP 300U SOL INJ CART 5,A10AB05,8050
2025-08,3400930083185,FIASP 300U SOL INJ CART 5,A10AB05,7365
2025-09,3400930083185,FIASP 300U SOL INJ CART 5,A10AB05,9057
2025-10,3400930083185,FIASP 300U SOL INJ CART 5,A10AB05,8583
2025-11,3400930083185,FIASP 300U SOL INJ CART 5,A10AB05,7723
2025-12,3400930083185,FIASP 300U SOL INJ CART 5,A10AB05,9597
2025-07,3400930125267,HUMALOG 300UI KWIKPEN JUNIOR STYLO 5,A10AB04,6694
2025-08,3400930125267,HUMALOG 300UI KWIKPEN JUNIOR STYLO 5,A10AB04,4876
2025-09,3400930125267,HUMALOG 300UI KWIKPEN JUNIOR STYLO 5,A10AB04,6001
2025-10,3400930125267,HUMALOG 300UI KWIKPEN JUNIOR STYLO 5,A10AB04,5663
2025-11,3400930125267,HUMALOG 300UI KWIKPEN JUNIOR STYLO 5,A10AB04,5009
2025-12,3400930125267,HUMALOG 300UI KWIKPEN JUNIOR STYLO 5,A10AB04,5953
2025-07,3400930203927,LYUMJEV 100 UI/ML SOL INJ FL 1,A10AB04,5455
2025-08,3400930203927,LYUMJEV 100 UI/ML SOL INJ FL 1,A10AB04,4258
2025-09,3400930203927,LYUMJEV 100 UI/ML SOL INJ FL 1,A10AB04,4885
2025-10,3400930203927,LYUMJEV 100 UI/ML SOL INJ FL 1,A10AB04,5140
2025-11,3400930203927,LYUMJEV 100 UI/ML SOL INJ FL 1,A10AB04,4376
2025-12,3400930203927,LYUMJEV 100 UI/ML SOL INJ FL 1,A10AB04,5410
2025-07,3400930203965,LYUMJEV 300UI KWIKPEN CART 5,A10AB04,328
2025-08,3400930203965,LYUMJEV 300UI KWIKPEN CART 5,A10AB04,272
2025-09,3400930203965,LYUMJEV 300UI KWIKPEN CART 5,A10AB04,341
2025-10,3400930203965,LYUMJEV 300UI KWIKPEN CART 5,A10AB04,315
2025-11,3400930203965,LYUMJEV 300UI KWIKPEN CART 5,A10AB04,304
2025-12,3400930203965,LYUMJEV 300UI KWIKPEN CART 5,A10AB04,335
2025-07,3400930204009,LYUMJEV 300UI KWIKPEN JUNIOR STYLO 5,A10AB04,3985
2025-08,3400930204009,LYUMJEV 300UI KWIKPEN JUNIOR STYLO 5,A10AB04,3349
2025-09,3400930204009,LYUMJEV 300UI KWIKPEN JUNIOR STYLO 5,A10AB04,3845
2025-10,3400930204009,LYUMJEV 300UI KWIKPEN JUNIOR STYLO 5,A10AB04,3903
2025-11,3400930204009,LYUMJEV 300UI KWIKPEN JUNIOR STYLO 5,A10AB04,3421
2025-12,3400930204009,LYUMJEV 300UI KWIKPEN JUNIOR STYLO 5,A10AB04,4254
2025-07,3400930204023,LYUMJEV 200 UI KWIKPEN SOL INJ STYLO 5,A10AB04,6295
2025-08,3400930204023,LYUMJEV 200 UI KWIKPEN SOL INJ STYLO 5,A10AB04,4967
2025-09,3400930204023,LYUMJEV 200 UI KWIKPEN SOL INJ STYLO 5,A10AB04,6033
2025-10,3400930204023,LYUMJEV 200 UI KWIKPEN SOL INJ STYLO 5,A10AB04,6051
2025-11,3400930204023,LYUMJEV 200 UI KWIKPEN SOL INJ STYLO 5,A10AB04,5221
2025-12,3400930204023,LYUMJEV 200 UI KWIKPEN SOL INJ STYLO 5,A10AB04,6604
2025-07,3400930208861,FIASP PUMPCART 100U/ML SOL INJ CART 5,A10AB05,5366
2025-08,3400930208861,FIASP PUMPCART 100U/ML SOL INJ CART 5,A10AB05,3791
2025-09,3400930208861,FIASP PUMPCART 100U/ML SOL INJ CART 5,A10AB05,4206
2025-10,3400930208861,FIASP PUMPCART 100U/ML SOL INJ CART 5,A10AB05,4332
2025-11,3400930208861,FIASP PUMPCART 100U/ML SOL INJ CART 5,A10AB05,3620
2025-12,3400930208861,FIASP PUMPCART 100U/ML SOL INJ CART 5,A10AB05,4300
2025-07,3400930212028,INSULINE ASP SANO 100U/ML CART 3ML 5,A10AB05,174
2025-08,3400930212028,INSULINE ASP SANO 100U/ML CART 3ML 5,A10AB05,141
2025-09,3400930212028,INSULINE ASP SANO 100U/ML CART 3ML 5,A10AB05,144
2025-10,3400930212028,INSULINE ASP SANO 100U/ML CART 3ML 5,A10AB05,144
2025-11,3400930212028,INSULINE ASP SANO 100U/ML CART 3ML 5,A10AB05,141
2025-12,3400930212028,INSULINE ASP SANO 100U/ML CART 3ML 5,A10AB05,171
2025-07,3400930212042,INSULINE ASPART SAN100U S3ML STYLO 5 5,A10AB05,14616
2025-08,3400930212042,INSULINE ASPART SAN100U S3ML STYLO 5 5,A10AB05,12944
2025-09,3400930212042,INSULINE ASPART SAN100U S3ML STYLO 5 5,A10AB05,14605
2025-10,3400930212042,INSULINE ASPART SAN100U S3ML STYLO 5 5,A10AB05,15025
2025-11,3400930212042,INSULINE ASPART SAN100U S3ML STYLO 5 5,A10AB05,13722
2025-12,3400930212042,INSULINE ASPART SAN100U S3ML STYLO 5 5,A10AB05,16366
2025-07,3400930233931,INSULINE ASP SANO 100U/ML FL 1,A10AB05,2761
2025-08,3400930233931,INSULINE ASP SANO 100U/ML FL 1,A10AB05,2350
2025-09,3400930233931,INSULINE ASP SANO 100U/ML FL 1,A10AB05,2870
2025-10,3400930233931,INSULINE ASP SANO 100U/ML FL 1,A10AB05,2822
2025-11,3400930233931,INSULINE ASP SANO 100U/ML FL 1,A10AB05,2592
2025-12,3400930233931,INSULINE ASP SANO 100U/ML FL 1,A10AB05,3204
2025-07,3400934142680,HUMALOG 1000 UI SOL INJ FL 1,A10AB04,75184
2025-08,3400934142680,HUMALOG 1000 UI SOL INJ FL 1,A10AB04,60399
2025-09,3400934142680,HUMALOG 1000 UI SOL INJ FL 1,A10AB04,68889
2025-10,3400934142680,HUMALOG 1000 UI SOL INJ FL 1,A10AB04,70003
2025-11,3400934142680,HUMALOG 1000 UI SOL INJ FL 1,A10AB04,61702
2025-12,3400934142680,HUMALOG 1000 UI SOL INJ FL 1,A10AB04,73710
2025-07,3400934373930,HUMALOG 300 UI SOL INJ CART 5,A10AB04,2655
2025-08,3400934373930,HUMALOG 300 UI SOL INJ CART 5,A10AB04,2153
2025-09,3400934373930,HUMALOG 300 UI SOL INJ CART 5,A10AB04,2340
2025-10,3400934373930,HUMALOG 300 UI SOL INJ CART 5,A10AB04,2443
2025-11,3400934373930,HUMALOG 300 UI SOL INJ CART 5,A10AB04,1981
2025-12,3400934373930,HUMALOG 300 UI SOL INJ CART 5,A10AB04,2474
2025-07,3400935259097,NOVORAPID 1000 U SOL INJ FL 1,A10AB05,115434
2025-08,3400935259097,NOVORAPID 1000 U SOL INJ FL 1,A10AB05,92018
2025-09,3400935259097,NOVORAPID 1000 U SOL INJ FL 1,A10AB05,102871
2025-10,3400935259097,NOVORAPID 1000 U SOL INJ FL 1,A10AB05,107691
2025-11,3400935259097,NOVORAPID 1000 U SOL INJ FL 1,A10AB05,94926
2025-12,3400935259097,NOVORAPID 1000 U SOL INJ FL 1,A10AB05,113357
2025-07,3400935259219,NOVORAPID PENFILL 300 U SOL INJ 5,A10AB05,21989
2025-08,3400935259219,NOVORAPID PENFILL 300 U SOL INJ 5,A10AB05,15998
2025-09,3400935259219,NOVORAPID PENFILL 300 U SOL INJ 5,A10AB05,18817
2025-10,3400935259219,NOVORAPID PENFILL 300 U SOL INJ 5,A10AB05,18491
2025-11,3400935259219,NOVORAPID PENFILL 300 U SOL INJ 5,A10AB05,16106
2025-12,3400935259219,NOVORAPID PENFILL 300 U SOL INJ 5,A10AB05,19596
2025-07,3400935527400,NOVORAPID FLEXPEN 300 U SOL INJ 5,A10AB05,190100
2025-08,3400935527400,NOVORAPID FLEXPEN 300 U SOL INJ 5,A10AB05,154751
2025-09,3400935527400,NOVORAPID FLEXPEN 300 U SOL INJ 5,A10AB05,176119
2025-10,3400935527400,NOVORAPID FLEXPEN 300 U SOL INJ 5,A10AB05,176520
2025-11,3400935527400,NOVORAPID FLEXPEN 300 U SOL INJ 5,A10AB05,155744
2025-12,3400935527400,NOVORAPID FLEXPEN 300 U SOL INJ 5,A10AB05,186155
2025-07,3400936518094,APIDRA 1000 U/10 ML SOL INJ FL 1,A10AB06,5378
2025-08,3400936518094,APIDRA 1000 U/10 ML SOL INJ FL 1,A10AB06,4474
2025-09,3400936518094,APIDRA 1000 U/10 ML SOL INJ FL 1,A10AB06,4804
2025-10,3400936518094,APIDRA 1000 U/10 ML SOL INJ FL 1,A10AB06,4951
2025-11,3400936518094,APIDRA 1000 U/10 ML SOL INJ FL 1,A10AB06,4276
2025-12,3400936518094,APIDRA 1000 U/10 ML SOL INJ FL 1,A10AB06,5128
2025-07,3400936569423,APIDRA 300 U/3 ML SOL INJ CART 5,A10AB06,314
2025-08,3400936569423,APIDRA 300 U/3 ML SOL INJ CART 5,A10AB06,333
2025-09,3400936569423,APIDRA 300 U/3 ML SOL INJ CART 5,A10AB06,337
2025-10,3400936569423,APIDRA 300 U/3 ML SOL INJ CART 5,A10AB06,317
2025-11,3400936569423,APIDRA 300 U/3 ML SOL INJ CART 5,A10AB06,291
2025-12,3400936569423,APIDRA 300 U/3 ML SOL INJ CART 5,A10AB06,302
2025-07,3400937722001,APIDRA SOLOSTAR 300 U/3 ML SOL INJ 5,A10AB06,26716
2025-08,3400937722001,APIDRA SOLOSTAR 300 U/3 ML SOL INJ 5,A10AB06,20672
2025-09,3400937722001,APIDRA SOLOSTAR 300 U/3 ML SOL INJ 5,A10AB06,24320
2025-10,3400937722001,APIDRA SOLOSTAR 300 U/3 ML SOL INJ 5,A10AB06,24507
2025-11,3400937722001,APIDRA SOLOSTAR 300 U/3 ML SOL INJ 5,A10AB06,21345
2025-12,3400937722001,APIDRA SOLOSTAR 300 U/3 ML SOL INJ 5,A10AB06,25016
2025-07,3400937848350,NOVORAPID INNOLET 100U/ML INJ 1,A10AB05,1
2025-08,3400937848350,NOVORAPID INNOLET 100U/ML INJ 1,A10AB05,1
2025-09,3400937848350,NOVORAPID INNOLET 100U/ML INJ 1,A10AB05,1
2025-10,3400937848350,NOVORAPID INNOLET 100U/ML INJ 1,A10AB05,0
2025-11,3400937848350,NOVORAPID INNOLET 100U/ML INJ 1,A10AB05,3
2025-12,3400937848350,NOVORAPID INNOLET 100U/ML INJ 1,A10AB05,2
2025-07,3400938510980,HUMALOG 300UI KWIKPEN SOL INJ 5,A10AB04,72177
2025-08,3400938510980,HUMALOG 300UI KWIKPEN SOL INJ 5,A10AB04,59551
2025-09,3400938510980,HUMALOG 300UI KWIKPEN SOL INJ 5,A10AB04,66683
2025-10,3400938510980,HUMALOG 300UI KWIKPEN SOL INJ 5,A10AB04,67389
2025-11,3400938510980,HUMALOG 300UI KWIKPEN SOL INJ 5,A10AB04,59806
2025-12,3400938510980,HUMALOG 300UI KWIKPEN SOL INJ 5,A10AB04,70924
2026-01,3400927714573,NOVORAPID PUMPCART 160U SOL INJ CART 5,A10AB05,12417
2026-02,3400927714573,NOVORAPID PUMPCART 160U SOL INJ CART 5,A10AB05,12401
2026-03,3400927714573,NOVORAPID PUMPCART 160U SOL INJ CART 5,A10AB05,14954
2026-04,3400927714573,NOVORAPID PUMPCART 160U SOL INJ CART 5,A10AB05,13496
2026-05,3400927714573,NOVORAPID PUMPCART 160U SOL INJ CART 5,A10AB05,12833
2026-06,3400927714573,NOVORAPID PUMPCART 160U SOL INJ CART 5,A10AB05,14486
2026-01,3400930000854,HUMALOG 200 UI/ML KWIKPEN SOL INJ 5,A10AB04,13399
2026-02,3400930000854,HUMALOG 200 UI/ML KWIKPEN SOL INJ 5,A10AB04,13099
2026-03,3400930000854,HUMALOG 200 UI/ML KWIKPEN SOL INJ 5,A10AB04,14842
2026-04,3400930000854,HUMALOG 200 UI/ML KWIKPEN SOL INJ 5,A10AB04,14299
2026-05,3400930000854,HUMALOG 200 UI/ML KWIKPEN SOL INJ 5,A10AB04,13595
2026-06,3400930000854,HUMALOG 200 UI/ML KWIKPEN SOL INJ 5,A10AB04,15870
2026-01,3400930083161,FIASP 300U SOL INJ STYLO 5,A10AB05,21291
2026-02,3400930083161,FIASP 300U SOL INJ STYLO 5,A10AB05,26898
2026-03,3400930083161,FIASP 300U SOL INJ STYLO 5,A10AB05,31579
2026-04,3400930083161,FIASP 300U SOL INJ STYLO 5,A10AB05,30093
2026-05,3400930083161,FIASP 300U SOL INJ STYLO 5,A10AB05,28948
2026-06,3400930083161,FIASP 300U SOL INJ STYLO 5,A10AB05,33346
2026-01,3400930083178,FIASP 1000U SOL INJ FL 1,A10AB05,28210
2026-02,3400930083178,FIASP 1000U SOL INJ FL 1,A10AB05,26362
2026-03,3400930083178,FIASP 1000U SOL INJ FL 1,A10AB05,29459
2026-04,3400930083178,FIASP 1000U SOL INJ FL 1,A10AB05,27619
2026-05,3400930083178,FIASP 1000U SOL INJ FL 1,A10AB05,25604
2026-06,3400930083178,FIASP 1000U SOL INJ FL 1,A10AB05,29555
2026-01,3400930083185,FIASP 300U SOL INJ CART 5,A10AB05,8741
2026-02,3400930083185,FIASP 300U SOL INJ CART 5,A10AB05,7752
2026-03,3400930083185,FIASP 300U SOL INJ CART 5,A10AB05,8547
2026-04,3400930083185,FIASP 300U SOL INJ CART 5,A10AB05,8051
2026-05,3400930083185,FIASP 300U SOL INJ CART 5,A10AB05,7365
2026-06,3400930083185,FIASP 300U SOL INJ CART 5,A10AB05,8465
2026-01,3400930125267,HUMALOG 300UI KWIKPEN JUNIOR STYLO 5,A10AB04,5552
2026-02,3400930125267,HUMALOG 300UI KWIKPEN JUNIOR STYLO 5,A10AB04,5251
2026-03,3400930125267,HUMALOG 300UI KWIKPEN JUNIOR STYLO 5,A10AB04,6156
2026-04,3400930125267,HUMALOG 300UI KWIKPEN JUNIOR STYLO 5,A10AB04,5674
2026-05,3400930125267,HUMALOG 300UI KWIKPEN JUNIOR STYLO 5,A10AB04,5276
2026-06,3400930125267,HUMALOG 300UI KWIKPEN JUNIOR STYLO 5,A10AB04,6565
2026-01,3400930203927,LYUMJEV 100 UI/ML SOL INJ FL 1,A10AB04,5078
2026-02,3400930203927,LYUMJEV 100 UI/ML SOL INJ FL 1,A10AB04,4693
2026-03,3400930203927,LYUMJEV 100 UI/ML SOL INJ FL 1,A10AB04,5307
2026-04,3400930203927,LYUMJEV 100 UI/ML SOL INJ FL 1,A10AB04,4954
2026-05,3400930203927,LYUMJEV 100 UI/ML SOL INJ FL 1,A10AB04,4763
2026-06,3400930203927,LYUMJEV 100 UI/ML SOL INJ FL 1,A10AB04,5367
2026-01,3400930203965,LYUMJEV 300UI KWIKPEN CART 5,A10AB04,338
2026-02,3400930203965,LYUMJEV 300UI KWIKPEN CART 5,A10AB04,270
2026-03,3400930203965,LYUMJEV 300UI KWIKPEN CART 5,A10AB04,329
2026-04,3400930203965,LYUMJEV 300UI KWIKPEN CART 5,A10AB04,361
2026-05,3400930203965,LYUMJEV 300UI KWIKPEN CART 5,A10AB04,315
2026-06,3400930203965,LYUMJEV 300UI KWIKPEN CART 5,A10AB04,183
2026-01,3400930204009,LYUMJEV 300UI KWIKPEN JUNIOR STYLO 5,A10AB04,3992
2026-02,3400930204009,LYUMJEV 300UI KWIKPEN JUNIOR STYLO 5,A10AB04,3799
2026-03,3400930204009,LYUMJEV 300UI KWIKPEN JUNIOR STYLO 5,A10AB04,4286
2026-04,3400930204009,LYUMJEV 300UI KWIKPEN JUNIOR STYLO 5,A10AB04,3973
2026-05,3400930204009,LYUMJEV 300UI KWIKPEN JUNIOR STYLO 5,A10AB04,3757
2026-06,3400930204009,LYUMJEV 300UI KWIKPEN JUNIOR STYLO 5,A10AB04,4257
2026-01,3400930204023,LYUMJEV 200 UI KWIKPEN SOL INJ STYLO 5,A10AB04,6371
2026-02,3400930204023,LYUMJEV 200 UI KWIKPEN SOL INJ STYLO 5,A10AB04,5944
2026-03,3400930204023,LYUMJEV 200 UI KWIKPEN SOL INJ STYLO 5,A10AB04,6829
2026-04,3400930204023,LYUMJEV 200 UI KWIKPEN SOL INJ STYLO 5,A10AB04,6317
2026-05,3400930204023,LYUMJEV 200 UI KWIKPEN SOL INJ STYLO 5,A10AB04,6001
2026-06,3400930204023,LYUMJEV 200 UI KWIKPEN SOL INJ STYLO 5,A10AB04,6809
2026-01,3400930208861,FIASP PUMPCART 100U/ML SOL INJ CART 5,A10AB05,3887
2026-02,3400930208861,FIASP PUMPCART 100U/ML SOL INJ CART 5,A10AB05,4303
2026-03,3400930208861,FIASP PUMPCART 100U/ML SOL INJ CART 5,A10AB05,5038
2026-04,3400930208861,FIASP PUMPCART 100U/ML SOL INJ CART 5,A10AB05,4597
2026-05,3400930208861,FIASP PUMPCART 100U/ML SOL INJ CART 5,A10AB05,3937
2026-06,3400930208861,FIASP PUMPCART 100U/ML SOL INJ CART 5,A10AB05,4798
2026-01,3400930212028,INSULINE ASP SANO 100U/ML CART 3ML 5,A10AB05,142
2026-02,3400930212028,INSULINE ASP SANO 100U/ML CART 3ML 5,A10AB05,168
2026-03,3400930212028,INSULINE ASP SANO 100U/ML CART 3ML 5,A10AB05,190
2026-04,3400930212028,INSULINE ASP SANO 100U/ML CART 3ML 5,A10AB05,245
2026-05,3400930212028,INSULINE ASP SANO 100U/ML CART 3ML 5,A10AB05,205
2026-06,3400930212028,INSULINE ASP SANO 100U/ML CART 3ML 5,A10AB05,229
2026-01,3400930212042,INSULINE ASPART SAN100U S3ML STYLO 5 5,A10AB05,16253
2026-02,3400930212042,INSULINE ASPART SAN100U S3ML STYLO 5 5,A10AB05,15311
2026-03,3400930212042,INSULINE ASPART SAN100U S3ML STYLO 5 5,A10AB05,16455
2026-04,3400930212042,INSULINE ASPART SAN100U S3ML STYLO 5 5,A10AB05,10712
2026-05,3400930212042,INSULINE ASPART SAN100U S3ML STYLO 5 5,A10AB05,8730
2026-06,3400930212042,INSULINE ASPART SAN100U S3ML STYLO 5 5,A10AB05,16960
2026-01,3400930233931,INSULINE ASP SANO 100U/ML FL 1,A10AB05,2980
2026-02,3400930233931,INSULINE ASP SANO 100U/ML FL 1,A10AB05,3000
2026-03,3400930233931,INSULINE ASP SANO 100U/ML FL 1,A10AB05,3450
2026-04,3400930233931,INSULINE ASP SANO 100U/ML FL 1,A10AB05,3284
2026-05,3400930233931,INSULINE ASP SANO 100U/ML FL 1,A10AB05,3134
2026-06,3400930233931,INSULINE ASP SANO 100U/ML FL 1,A10AB05,3555
2026-01,3400934142680,HUMALOG 1000 UI SOL INJ FL 1,A10AB04,67519
2026-02,3400934142680,HUMALOG 1000 UI SOL INJ FL 1,A10AB04,65584
2026-03,3400934142680,HUMALOG 1000 UI SOL INJ FL 1,A10AB04,74541
2026-04,3400934142680,HUMALOG 1000 UI SOL INJ FL 1,A10AB04,70394
2026-05,3400934142680,HUMALOG 1000 UI SOL INJ FL 1,A10AB04,66726
2026-06,3400934142680,HUMALOG 1000 UI SOL INJ FL 1,A10AB04,77342
2026-01,3400934373930,HUMALOG 300 UI SOL INJ CART 5,A10AB04,2222
2026-02,3400934373930,HUMALOG 300 UI SOL INJ CART 5,A10AB04,2112
2026-03,3400934373930,HUMALOG 300 UI SOL INJ CART 5,A10AB04,2403
2026-04,3400934373930,HUMALOG 300 UI SOL INJ CART 5,A10AB04,2187
2026-05,3400934373930,HUMALOG 300 UI SOL INJ CART 5,A10AB04,2081
2026-06,3400934373930,HUMALOG 300 UI SOL INJ CART 5,A10AB04,2407
2026-01,3400935259097,NOVORAPID 1000 U SOL INJ FL 1,A10AB05,105331
2026-02,3400935259097,NOVORAPID 1000 U SOL INJ FL 1,A10AB05,101738
2026-03,3400935259097,NOVORAPID 1000 U SOL INJ FL 1,A10AB05,115399
2026-04,3400935259097,NOVORAPID 1000 U SOL INJ FL 1,A10AB05,109837
2026-05,3400935259097,NOVORAPID 1000 U SOL INJ FL 1,A10AB05,104150
2026-06,3400935259097,NOVORAPID 1000 U SOL INJ FL 1,A10AB05,122726
2026-01,3400935259219,NOVORAPID PENFILL 300 U SOL INJ 5,A10AB05,17940
2026-02,3400935259219,NOVORAPID PENFILL 300 U SOL INJ 5,A10AB05,17200
2026-03,3400935259219,NOVORAPID PENFILL 300 U SOL INJ 5,A10AB05,19452
2026-04,3400935259219,NOVORAPID PENFILL 300 U SOL INJ 5,A10AB05,18525
2026-05,3400935259219,NOVORAPID PENFILL 300 U SOL INJ 5,A10AB05,17057
2026-06,3400935259219,NOVORAPID PENFILL 300 U SOL INJ 5,A10AB05,20288
2026-01,3400935527400,NOVORAPID FLEXPEN 300 U SOL INJ 5,A10AB05,173147
2026-02,3400935527400,NOVORAPID FLEXPEN 300 U SOL INJ 5,A10AB05,165528
2026-03,3400935527400,NOVORAPID FLEXPEN 300 U SOL INJ 5,A10AB05,185119
2026-04,3400935527400,NOVORAPID FLEXPEN 300 U SOL INJ 5,A10AB05,178865
2026-05,3400935527400,NOVORAPID FLEXPEN 300 U SOL INJ 5,A10AB05,169345
2026-06,3400935527400,NOVORAPID FLEXPEN 300 U SOL INJ 5,A10AB05,187637
2026-01,3400936518094,APIDRA 1000 U/10 ML SOL INJ FL 1,A10AB06,4383
2026-02,3400936518094,APIDRA 1000 U/10 ML SOL INJ FL 1,A10AB06,4265
2026-03,3400936518094,APIDRA 1000 U/10 ML SOL INJ FL 1,A10AB06,4756
2026-04,3400936518094,APIDRA 1000 U/10 ML SOL INJ FL 1,A10AB06,4205
2026-05,3400936518094,APIDRA 1000 U/10 ML SOL INJ FL 1,A10AB06,4273
2026-06,3400936518094,APIDRA 1000 U/10 ML SOL INJ FL 1,A10AB06,4746
2026-01,3400936569423,APIDRA 300 U/3 ML SOL INJ CART 5,A10AB06,274
2026-02,3400936569423,APIDRA 300 U/3 ML SOL INJ CART 5,A10AB06,245
2026-03,3400936569423,APIDRA 300 U/3 ML SOL INJ CART 5,A10AB06,314
2026-04,3400936569423,APIDRA 300 U/3 ML SOL INJ CART 5,A10AB06,248
2026-05,3400936569423,APIDRA 300 U/3 ML SOL INJ CART 5,A10AB06,268
2026-06,3400936569423,APIDRA 300 U/3 ML SOL INJ CART 5,A10AB06,295
2026-01,3400937722001,APIDRA SOLOSTAR 300 U/3 ML SOL INJ 5,A10AB06,23028
2026-02,3400937722001,APIDRA SOLOSTAR 300 U/3 ML SOL INJ 5,A10AB06,21599
2026-03,3400937722001,APIDRA SOLOSTAR 300 U/3 ML SOL INJ 5,A10AB06,23949
2026-04,3400937722001,APIDRA SOLOSTAR 300 U/3 ML SOL INJ 5,A10AB06,22524
2026-05,3400937722001,APIDRA SOLOSTAR 300 U/3 ML SOL INJ 5,A10AB06,21364
2026-06,3400937722001,APIDRA SOLOSTAR 300 U/3 ML SOL INJ 5,A10AB06,23959
2026-01,3400937848350,NOVORAPID INNOLET 100U/ML INJ 1,A10AB05,1
2026-02,3400937848350,NOVORAPID INNOLET 100U/ML INJ 1,A10AB05,0
2026-03,3400937848350,NOVORAPID INNOLET 100U/ML INJ 1,A10AB05,0
2026-04,3400937848350,NOVORAPID INNOLET 100U/ML INJ 1,A10AB05,2
2026-05,3400937848350,NOVORAPID INNOLET 100U/ML INJ 1,A10AB05,1
2026-06,3400937848350,NOVORAPID INNOLET 100U/ML INJ 1,A10AB05,0
2026-01,3400938510980,HUMALOG 300UI KWIKPEN SOL INJ 5,A10AB04,65752
2026-02,3400938510980,HUMALOG 300UI KWIKPEN SOL INJ 5,A10AB04,63156
2026-03,3400938510980,HUMALOG 300UI KWIKPEN SOL INJ 5,A10AB04,70925
2026-04,3400938510980,HUMALOG 300UI KWIKPEN SOL INJ 5,A10AB04,66460
2026-05,3400938510980,HUMALOG 300UI KWIKPEN SOL INJ 5,A10AB04,62535
2026-06,3400938510980,HUMALOG 300UI KWIKPEN SOL INJ 5,A10AB04,71273
