key,source,first_month_with_scripts,window
09039R,csv,202007,Jul 2020 to Jun 2026
09039R,dop,201707,Jul 2017 to Jan 2018 (processing month)
09039R,xlsx,202207,Jul 2022 to Jul 2026
09040T,csv,202007,Jul 2020 to Jun 2026
09040T,dop,201707,Jul 2017 to Jan 2018 (processing month)
09040T,xlsx,202207,Jul 2022 to Jul 2026
11302W,csv,202007,Jul 2020 to Jun 2026
11302W,xlsx,202207,Jul 2022 to Jul 2026
11308E,csv,202007,Jul 2020 to Jun 2026
11308E,xlsx,202207,Jul 2022 to Jul 2026
11417X,csv,202007,Jul 2020 to Jun 2026
11417X,xlsx,202207,Jul 2022 to Jul 2026
11426J,csv,202007,Jul 2020 to Jun 2026
11426J,xlsx,202207,Jul 2022 to Jul 2026
11815W,csv,202007,Jul 2020 to Jun 2026
11815W,xlsx,202207,Jul 2022 to Jul 2026
12236B,csv,202102,Jul 2020 to Jun 2026
12236B,xlsx,202207,Jul 2022 to Jul 2026
15393E,xlsx,202607,Jul 2022 to Jul 2026
degludec,xlsx,202607,Jul 2022 to Jul 2026
detemir,csv,202007,Jul 2020 to Jun 2026
detemir,dop,201707,Jul 2017 to Jan 2018 (processing month)
detemir,xlsx,202207,Jul 2022 to Jul 2026
glargine100,csv,202007,Jul 2020 to Jun 2026
glargine100,dop,201707,Jul 2017 to Jan 2018 (processing month)
glargine100,xlsx,202207,Jul 2022 to Jul 2026
glargine300,csv,202007,Jul 2020 to Jun 2026
glargine300,xlsx,202207,Jul 2022 to Jul 2026
ryzodeg,csv,202007,Jul 2020 to Jun 2026
ryzodeg,xlsx,202207,Jul 2022 to Jul 2026
