month,degludec,glargine300,glargine100,detemir,ryzodeg,total_long_acting,degludec_pct
202207,0,6573,21366,2661,14608,30600,0.0
202208,0,6773,22460,2680,15640,31913,0.0
202209,0,6673,21857,2570,15644,31100,0.0
202210,0,6835,22200,2638,16214,31673,0.0
202211,0,7364,23453,2713,17432,33530,0.0
202212,0,9720,29796,3212,22708,42728,0.0
202301,0,4880,17111,2121,12173,24112,0.0
202302,0,5280,17496,2108,13477,24884,0.0
202303,0,6568,20642,2660,16015,29870,0.0
202304,0,5545,18075,2306,14308,25926,0.0
202305,0,6488,20792,2500,16467,29780,0.0
202306,0,6168,20102,2428,15672,28698,0.0
202307,0,6315,20349,2358,15952,29022,0.0
202308,0,6729,21228,2457,16280,30414,0.0
202309,0,6415,20535,2380,16424,29330,0.0
202310,0,6816,21633,2486,18011,30935,0.0
202311,0,7201,22008,2444,18464,31653,0.0
202312,0,9145,27639,2988,23450,39772,0.0
202401,0,5232,17230,2151,13675,24613,0.0
202402,0,5609,17787,2196,14717,25592,0.0
202403,0,5737,18435,2322,15326,26494,0.0
202404,0,6045,18953,2310,15787,27308,0.0
202405,0,6593,20802,2447,17136,29842,0.0
202406,0,6047,19184,2346,15878,27577,0.0
202407,0,6758,21129,2487,17510,30374,0.0
202408,0,6827,21062,2395,17223,30284,0.0
202409,0,6484,20014,2321,16663,28819,0.0
202410,0,7132,21539,2334,18243,31005,0.0
202411,0,7206,21570,2316,18506,31092,0.0
202412,0,9360,27751,2825,24062,39936,0.0
202501,0,5273,17121,2063,13473,24457,0.0
202502,0,5426,17366,1985,14156,24777,0.0
202503,0,6011,19128,2210,15831,27349,0.0
202504,0,6118,19151,2141,15620,27410,0.0
202505,0,6557,20953,2198,16809,29708,0.0
202506,0,6376,20077,2208,16180,28661,0.0
202507,0,7052,21251,2162,17383,30465,0.0
202508,0,6629,20782,2002,17187,29413,0.0
202509,0,6836,20986,1984,17279,29806,0.0
202510,0,7311,21746,1976,18417,31033,0.0
202511,0,7087,21345,1923,17953,30355,0.0
202512,0,10003,28685,2354,24816,41042,0.0
202601,0,5335,16974,1620,13064,23929,0.0
202602,0,5709,17462,1499,13934,24670,0.0
202603,0,6764,21256,2087,16334,30107,0.0
202604,0,6249,19086,1656,15676,26991,0.0
202605,0,6418,19434,1577,16329,27429,0.0
202606,0,6763,20016,1521,16627,28300,0.0
202607,425,7098,21106,1575,17464,30204,1.41
