kind,platform_or_body,country,date,handle_or_author,quote,theme,url,read_on
statement,"diabetesschweiz (e-mail reply, posted on Reddit r/diabetes by the recipient)",Switzerland,2026-03-10,"diabetesschweiz, via croemer","Ja, leider ist das Insulin Lyumjev vom Markt genommen worden – eine entsprechende Information wurde von der Firma Eli Lilly im letzten August/September an die Fachärztinnen und -Ärzte versendet. Uns ist eine Kopie zugespielt worden, denn auch wir sind nicht offiziell informiert worden.",Lilly letter to specialists Aug/Sep 2025; patient organisation not informed,https://www.reddit.com/r/diabetes/comments/1rlmdui/lyumjev_apparently_discontinued_ausser_handel_in/o9nkdrx/,2026-10-01
statement,"diabetesschweiz (e-mail reply, posted on Reddit r/diabetes by the recipient)",Switzerland,2026-03-10,"diabetesschweiz, via croemer","Gemäss den Informationen, die wir auf unsere Intervention/Beschwerde hin erhalten haben, wurde Lyumjev® in der Schweiz nur von einer sehr kleinen Anzahl Personeneinzahl dauerhaft verwendet, da der Einsatz z.T. mit Schmerzen/Brennen verbunden war. Auch die Verschreibungen durch Fachärzt:innen waren in der Schweiz wohl auf sehr tiefem Niveau.","low uptake and site pain as Lilly's informal reason (unofficial, second-hand)",https://www.reddit.com/r/diabetes/comments/1rlmdui/lyumjev_apparently_discontinued_ausser_handel_in/o9nkdrx/,2026-10-01
statement,"Lilly Norway, as reported by Diabetesforbundet",Norway,2025-09-09,Eli Lilly (reported speech),"Legemiddelfirmaet understreker at dette er de eneste Lilly-insulinene som påvirkes i Norge, og påpeker at dette er varianter som er lite brukt.","low use given as context (KwikPen 200, Junior KwikPen)",https://www.diabetes.no/mer/nyheter-om-diabetes/nyheter-2025/faser-ut-noen-typer-insulin/,2026-10-01
statement,"Lilly France, letter to physicians (hosted by Société Française d'Endocrinologie)",France,2025-07-08,Lilly France,Nous avons abordé ce processus avec soin et attention et restons engagés à assurer un approvisionnement fiable de nos insulines.,"original dated letter for the 30/04/2026 cartridge cessation; alternatives Junior KwikPen, KwikPen 200 (adults only), vial",https://www.sfendocrino.org/wp-content/uploads/2025/07/Courrier-arret-certaines-insulines-Lilly.pdf,2026-10-01
statement,"Lilly Benelux MSC, published by FAMHP/AFMPS PharmaStatus",Belgium,2026-05-04 (PDF creation date; letter undated),Eli Lilly Benelux N.V. (Sébastien Massart),"Après un examen approfondi et une analyse détaillée du marché, Eli Lilly and Company (Lilly) souhaite informer les professionnels de la santé de l’arrêt de la commercialisation des présentations suivantes de ses formulations d’insuline en Belgique",market assessment as reason; cartridge stopped 31/03/2026,https://app.fagg-afmps.be/pharma-status/api/files/69f89371f6af663fb87c9df0,2026-10-01
statement,"Lilly Benelux MSC, published by FAMHP/AFMPS PharmaStatus",Belgium,2026-05-04 (PDF creation date; letter undated),Eli Lilly Benelux N.V.,"Lyumjev (100 unités/ml) : Flacon, KwikPen, Junior KwikPen",alternatives remaining in Belgium (also 200 U/ml KwikPen),https://app.fagg-afmps.be/pharma-status/api/files/69f89371f6af663fb87c9df0,2026-10-01
statement,"Lilly Czech Republic, quoted by Vitalia.cz",Czech Republic,2025-07-24,"Zbyněk Gregor, Lilly corporate affairs director","Společnost Lilly pokračuje v dodávkách lahviček inzulínu Lyumjev U-100 a inzulínu Lyumjev U-200 Kwipken do České republiky, jak je plánováno",supply continuing despite pharmacy shortages of pump vials,https://www.vitalia.cz/clanky/problemy-s-inzulinem-do-pump-lyumjev-chybi-v-lekarnach/,2026-10-01
statement,"SÚKL (Czech regulator), quoted by Vitalia.cz",Czech Republic,2025-07-24,"Jitka Zinke, SÚKL","Porovnali jsme dodávky za první pololetí loňského a letošního roku a z dat vyplývá, že letos došlo k 20% nárůstu, což představuje přibližně 7 500 balení navíc,","demand rising (vials, pump users incl. children); about 5,000 users in Czechia per SÚKL",https://www.vitalia.cz/clanky/problemy-s-inzulinem-do-pump-lyumjev-chybi-v-lekarnach/,2026-10-01
statement,NHSBSA dm+d browser (UK),United Kingdom,2026-10-01 (status at reading),NHS Business Services Authority,Lyumjev Tempo Pen 100units/ml solution for injection 3ml pre-filled pens Supplier Eli Lilly and Company Ltd Discontinued,"UK: only Tempo Pen flagged discontinued; vial, cartridge, KwikPen 100, KwikPen 200, Junior KwikPen not flagged",https://dmd-browser.nhsbsa.nhs.uk/search (AMP name search 'Lyumjev'),2026-10-01
statement,"Diabetes UK, insulin supply page",United Kingdom,2025-11-14,Diabetes UK,"On 23 July 2025, the DHSC issued a Medicine Supply Notification for Eli Lilly's Humulin insulin range in 10ml vials, which are being discontinued.","UK: Lilly discontinuations listed (Humulin vials, Humalog Mix25 vials); no Lyumjev entry",https://www.diabetes.org.uk/about-us/news-and-views/what-you-need-know-about-insulin-supply-issues-uk,2026-10-01
statement,"NHS Specialist Pharmacy Service, site search",United Kingdom,2026-10-01 (search at reading),SPS,"Sorry, nothing matched your search. Please try again.",UK: no SPS item on Lyumjev,https://www.sps.nhs.uk/?s=lyumjev,2026-10-01
