year,brand,class,boxes,units,bse_eur,bse_per_box_eur
2017,Abasaglar,glargine100,157095,235642500,7027360.94,44.73
2017,Lantus,glargine100,3769779,5651358000,204291301.49,54.19
2017,Levemir,detemir,934639,1401958500,58617161.35,62.72
2017,Toujeo,glargine300,790983,1067838750,36053366.27,45.58
2018,Abasaglar,glargine100,443197,664795500,19565185.67,44.15
2018,Lantus,glargine100,3291320,4934111000,176142664.89,53.52
2018,Levemir,detemir,785152,1177728000,42626020.55,54.29
2018,Toujeo,glargine300,1189875,1606351950,48988229.22,41.17
2018,Tresiba,degludec,105069,187383300,6542997.7,62.27
2019,Abasaglar,glargine100,709122,1063683000,28560109.02,40.28
2019,Lantus,glargine100,2774453,4159392000,130785870.44,47.14
2019,Levemir,detemir,638413,957619500,32171782.68,50.39
2019,Toujeo,glargine300,1434251,1936255050,55346933.76,38.59
2019,Tresiba,degludec,444307,791867100,26521423.03,59.69
2020,Abasaglar,glargine100,938775,1408162500,36338954.03,38.71
2020,Lantus,glargine100,2444349,3664621000,109932372.11,44.97
2020,Levemir,detemir,548843,823264500,26923910.92,49.06
2020,Toujeo,glargine300,1587554,2162732400,59812842.65,37.68
2020,Tresiba,degludec,678038,1208225400,39618827.99,58.43
2021,Abasaglar,glargine100,1084129,1626193500,41976733.28,38.72
2021,Lantus,glargine100,2125936,3187188000,91679739.17,43.12
2021,Levemir,detemir,466093,699139500,22872450.27,49.07
2021,Toujeo,glargine300,1671523,2331628200,64541177.56,38.61
2021,Tresiba,degludec,850013,1514992200,49747578.67,58.53
2022,Abasaglar,glargine100,1240440,1860660000,48588302.06,39.17
2022,Lantus,glargine100,1888254,2830871500,76973103.35,40.76
2022,Levemir,detemir,407174,610761000,20151249.11,49.49
2022,Toujeo,glargine300,1787990,2548774350,71391463.95,39.93
2022,Tresiba,degludec,998944,1778904000,58892510.0,58.95
2023,Abasaglar,glargine100,1368869,2053303500,51968832.9,37.96
2023,Lantus,glargine100,1665416,2496814000,65915116.16,39.58
2023,Levemir,detemir,356580,534870000,17710748.72,49.67
2023,Toujeo,glargine300,1896048,2761210350,77588886.5,40.92
2023,Tresiba,degludec,1089553,1933758600,64193083.94,58.92
2024,Abasaglar,glargine100,1452252,2178378000,54330880.17,37.41
2024,Lantus,glargine100,1495013,2241429500,58238996.84,38.96
2024,Levemir,detemir,316496,474744000,15712776.4,49.65
2024,Toujeo,glargine300,1965035,2912954400,78529947.27,39.96
2024,Tresiba,degludec,1184957,2099732400,69715415.5,58.83
2025,Abasaglar,glargine100,1508191,2262286500,54441758.24,36.1
2025,Lantus,glargine100,1337818,2005716500,50354339.51,37.64
2025,Levemir,detemir,282997,424495500,12311845.57,43.51
2025,Toujeo,glargine300,2029798,3041347500,80605509.86,39.71
2025,Tresiba,degludec,1236006,2189492400,69692131.27,56.38
