atc,pkg,product,holder,form,strength,pack_size,status_end_2025,dispensing,change,volume_unit,note,reimbursement,subst_group
A10AE04,004746,Lantus,Sanofi A/S,"Injektionsvæske, opløsning i cylinderampul",100 Enheder/ml,5 x 3 ml,På markedet ved udgangen af 2025,"Receptpligtigt, flere udleveringer",Ingen skift,DDD,,Generelt medicintilskud,2464
A10AE04,006178,Lantus Optiset,Sanofi A/S,"Injektionsvæske, opløsning, enkeltdosisbeholder",100 E/ml,5 x 3 ml,Afregistreret ved udgangen af 2025,"Receptpligtigt, flere udleveringer",Ingen skift,DDD,,Ikke tilskudsberettiget,
A10AE04,026119,Lantus SoloStar,Sanofi A/S,"Injektionsvæske, opløsning i fyldt pen",100 E/ml,5 x 3 ml (Orifarm),På markedet ved udgangen af 2025,"Receptpligtigt, flere udleveringer",Ingen skift,DDD,,Generelt medicintilskud,3576
A10AE04,026130,Lantus,Sanofi A/S,"Injektionsvæske, opløsning i cylinderampul",100 Enheder/ml,5 x 3 ml (Orifarm),Trukket ud af markedet ved udgangen af 2025,"Receptpligtigt, flere udleveringer",Ingen skift,DDD,,Generelt medicintilskud,2464
A10AE04,027582,Toujeo SoloStar,Sanofi A/S,"Injektionsvæske, opløsning i fyldt pen",300 enheder/ml,"5 x 1,5 ml (Abacus)",Trukket ud af markedet ved udgangen af 2025,"Receptpligtigt, flere udleveringer",Ingen skift,DDD,,"Generelt klausuleret medicintilskud, recept",7699
A10AE04,055924,Lantus Optiset,Sanofi A/S,"Injektionsvæske, opløsning, enkeltdosisbeholder",100 E/ml,5 x 3 ml (Orifarm),Trukket ud af markedet ved udgangen af 2025,"Receptpligtigt, flere udleveringer",Ingen skift,DDD,,Ikke tilskudsberettiget,
A10AE04,061004,Lantus SoloStar,Sanofi A/S,"Injektionsvæske, opløsning i fyldt pen",100 E/ml,5 x 3 ml (2care4),På markedet ved udgangen af 2025,"Receptpligtigt, flere udleveringer",Ingen skift,DDD,,Generelt medicintilskud,3576
A10AE04,068267,Lantus SoloStar,Sanofi A/S,"Injektionsvæske, opløsning i fyldt pen",100 E/ml,5 x 3 ml (Paranova),Trukket ud af markedet ved udgangen af 2025,"Receptpligtigt, flere udleveringer",Ingen skift,DDD,,Generelt medicintilskud,3576
A10AE04,076648,Toujeo SoloStar,Sanofi A/S,"Injektionsvæske, opløsning i fyldt pen",300 enheder/ml,"3 x 1,5 ml (Orifarm)",Trukket ud af markedet ved udgangen af 2025,"Receptpligtigt, flere udleveringer",Ingen skift,DDD,,"Generelt klausuleret medicintilskud, recept",7699
A10AE04,080758,Lantus SoloStar,Sanofi A/S,"Injektionsvæske, opløsning i fyldt pen",100 E/ml,5 x 3 ml (Abacus),Trukket ud af markedet ved udgangen af 2025,"Receptpligtigt, flere udleveringer",Ingen skift,DDD,,Generelt medicintilskud,3576
A10AE04,081996,Lantus SoloStar,Sanofi A/S,"Injektionsvæske, opløsning i fyldt pen",100 E/ml,5 x 3 ml,På markedet ved udgangen af 2025,"Receptpligtigt, flere udleveringer",Ingen skift,DDD,,Generelt medicintilskud,3576
A10AE04,087914,Lantus SoloStar,Sanofi A/S,"Injektionsvæske, opløsning i fyldt pen",100 E/ml,5 x 3 ml,Afregistreret ved udgangen af 2025,"Receptpligtigt, flere udleveringer",Ingen skift,DDD,,Generelt medicintilskud,3576
A10AE04,088270,Lantus Optiset,Sanofi A/S,"Injektionsvæske, opløsning, enkeltdosisbeholder",100 E/ml,5 x 3 ml,Afregistreret ved udgangen af 2025,"Receptpligtigt, flere udleveringer",Ingen skift,DDD,,Ikke tilskudsberettiget,
A10AE04,105454,Toujeo SoloStar,Sanofi A/S,"Injektionsvæske, opløsning i fyldt pen",300 enheder/ml,"5 x 1,5 ml (Orifarm)",Trukket ud af markedet ved udgangen af 2025,"Receptpligtigt, flere udleveringer",Ingen skift,DDD,,"Generelt klausuleret medicintilskud, recept",7699
A10AE04,114054,Toujeo SoloStar,Sanofi A/S,"Injektionsvæske, opløsning i fyldt pen",300 enheder/ml,"3 x 1,5 ml (2care4)",På markedet ved udgangen af 2025,"Receptpligtigt, flere udleveringer",Ingen skift,DDD,,"Generelt klausuleret medicintilskud, recept",7699
A10AE04,135216,Toujeo SoloStar,Sanofi A/S,"Injektionsvæske, opløsning i fyldt pen",300 enheder/ml,"5 x 1,5 ml",På markedet ved udgangen af 2025,"Receptpligtigt, flere udleveringer",Ingen skift,DDD,,"Generelt klausuleret medicintilskud, recept",7699
A10AE04,168321,Toujeo SoloStar,Sanofi A/S,"Injektionsvæske, opløsning i fyldt pen",300 enheder/ml,"5 x 1,5 ml (2care4)",På markedet ved udgangen af 2025,"Receptpligtigt, flere udleveringer",Ingen skift,DDD,,"Generelt klausuleret medicintilskud, recept",7699
A10AE04,181023,Semglee,Biocon Biologics Finland OY,"Injektionsvæske, opløsning i fyldt pen",100 enheder/ml,5 x 3 ml (Orifarm),På markedet ved udgangen af 2025,"Receptpligtigt, flere udleveringer",Ingen skift,DDD,,Generelt medicintilskud,8127
A10AE04,184386,Semglee,Biocon Biologics Finland OY,"Injektionsvæske, opløsning i fyldt pen",100 enheder/ml,5 x 3 ml (Medartuum),På markedet ved udgangen af 2025,"Receptpligtigt, flere udleveringer",Ingen skift,DDD,,Generelt medicintilskud,8127
A10AE04,189355,Abasaglar KwikPen,Eli Lilly Danmark A/S,"Injektionsvæske, opløsning i fyldt pen",100 E/ml,5 x 3 ml (1-80E/Inj)(Paranova),Trukket ud af markedet ved udgangen af 2025,"Receptpligtigt, flere udleveringer",Ingen skift,DDD,,Ikke tilskudsberettiget,7700
A10AE04,197480,Abasaglar KwikPen,Eli Lilly Danmark A/S,"Injektionsvæske, opløsning i fyldt pen",100 E/ml,5 x 3 ml (1-60E/inj),Trukket ud af markedet ved udgangen af 2025,"Receptpligtigt, flere udleveringer",Ingen skift,DDD,,Ikke tilskudsberettiget,7700
A10AE04,386354,Lantus Optiset,Sanofi A/S,"Injektionsvæske, opløsning, enkeltdosisbeholder",100 E/ml,5 x 3 ml (Abacus),Trukket ud af markedet ved udgangen af 2025,"Receptpligtigt, flere udleveringer",Ingen skift,DDD,,Ikke tilskudsberettiget,
A10AE04,409928,Abasaglar KwikPen,Eli Lilly Danmark A/S,"Injektionsvæske, opløsning i fyldt pen",100 E/ml,5 x 3 ml (1-60E/inj) (Paranova),Trukket ud af markedet ved udgangen af 2025,"Receptpligtigt, flere udleveringer",Ingen skift,DDD,,Ikke tilskudsberettiget,7700
A10AE04,413834,Toujeo SoloStar,Sanofi A/S,"Injektionsvæske, opløsning i fyldt pen",300 enheder/ml,"5 x 1,5 ml (Paranova)",Trukket ud af markedet ved udgangen af 2025,"Receptpligtigt, flere udleveringer",Ingen skift,DDD,,"Generelt klausuleret medicintilskud, recept",7699
A10AE04,435954,Toujeo DoubleStar,Sanofi A/S,"Injektionsvæske, opløsning i fyldt pen",300 enheder/ml,3 x 3 ml (Orifarm),På markedet ved udgangen af 2025,"Receptpligtigt, flere udleveringer",Ingen skift,DDD,,"Generelt klausuleret medicintilskud, recept",8189
A10AE04,445705,Toujeo SoloStar,Sanofi A/S,"Injektionsvæske, opløsning i fyldt pen",300 enheder/ml,"3 x 1,5 ml",På markedet ved udgangen af 2025,"Receptpligtigt, flere udleveringer",Ingen skift,DDD,,"Generelt klausuleret medicintilskud, recept",7699
A10AE04,446008,Abasaglar KwikPen,Eli Lilly Danmark A/S,"Injektionsvæske, opløsning i fyldt pen",100 E/ml,5 x 3 ml (1-80E/Inj) (2care4),På markedet ved udgangen af 2025,"Receptpligtigt, flere udleveringer",Ingen skift,DDD,,Ikke tilskudsberettiget,7700
A10AE04,447357,Toujeo DoubleStar,Sanofi A/S,"Injektionsvæske, opløsning i fyldt pen",300 enheder/ml,3 x 3 ml,På markedet ved udgangen af 2025,"Receptpligtigt, flere udleveringer",Ingen skift,DDD,,"Generelt klausuleret medicintilskud, recept",8189
A10AE04,448060,Abasaglar KwikPen,Eli Lilly Danmark A/S,"Injektionsvæske, opløsning i fyldt pen",100 E/ml,5 x 3 ml (1-80E/inj.),Trukket ud af markedet ved udgangen af 2025,"Receptpligtigt, flere udleveringer",Ingen skift,DDD,,Ikke tilskudsberettiget,7700
A10AE04,458245,Toujeo DoubleStar,Sanofi A/S,"Injektionsvæske, opløsning i fyldt pen",300 enheder/ml,3 x 3 ml (Paranova),Trukket ud af markedet ved udgangen af 2025,"Receptpligtigt, flere udleveringer",Ingen skift,DDD,,"Generelt klausuleret medicintilskud, recept",8189
A10AE04,458553,Lantus SoloStar,Sanofi A/S,"Injektionsvæske, opløsning i fyldt pen",100 E/ml,5 x 3 ml (2care4),Afregistreret ved udgangen af 2025,"Receptpligtigt, flere udleveringer",Ingen skift,DDD,,Generelt medicintilskud,3576
A10AE04,516041,Toujeo DoubleStar,Sanofi A/S,"Injektionsvæske, opløsning i fyldt pen",300 enheder/ml,3 x 3 ml (Abacus),Trukket ud af markedet ved udgangen af 2025,"Receptpligtigt, flere udleveringer",Ingen skift,DDD,,"Generelt klausuleret medicintilskud, recept",8189
A10AE04,521409,Semglee,Biocon Biologics Finland OY,"Injektionsvæske, opløsning i fyldt pen",100 enheder/ml,5 x 3 ml (Abacus),På markedet ved udgangen af 2025,"Receptpligtigt, flere udleveringer",Ingen skift,DDD,,Generelt medicintilskud,8127
A10AE04,547209,Semglee,Biocon Biologics Finland OY,"Injektionsvæske, opløsning i fyldt pen",100 enheder/ml,5 x 3 ml,Trukket ud af markedet ved udgangen af 2025,"Receptpligtigt, flere udleveringer",Ingen skift,DDD,,Generelt medicintilskud,8127
A10AE04,583729,Semglee,Biocon Biologics Finland OY,"Injektionsvæske, opløsning i fyldt pen",100 enheder/ml,5 x 3 ml (2care4),På markedet ved udgangen af 2025,"Receptpligtigt, flere udleveringer",Ingen skift,DDD,,Generelt medicintilskud,8127
A10AE04,591791,Abasaglar KwikPen,Eli Lilly Danmark A/S,"Injektionsvæske, opløsning i fyldt pen",100 E/ml,5 x 3 ml (1-80E/Inj) (Orifarm),Trukket ud af markedet ved udgangen af 2025,"Receptpligtigt, flere udleveringer",Ingen skift,DDD,,Ikke tilskudsberettiget,7700
A10AE05,015343,Levemir FlexPen,Novo Nordisk A/S,"Injektionsvæske, opløsning i fyldt pen",100 E/ml,5 x 3 ml,Trukket ud af markedet ved udgangen af 2025,"Receptpligtigt, flere udleveringer",Ingen skift,DDD,,"Generelt klausuleret medicintilskud, recept",2137
A10AE05,015448,Levemir Penfill,Novo Nordisk A/S,"Injektionsvæske, opløsning i cylinderampul",100 E/ml,5 x 3 ml,På markedet ved udgangen af 2025,"Receptpligtigt, flere udleveringer",Ingen skift,DDD,,"Generelt klausuleret medicintilskud, recept",3980
A10AE05,025090,Levemir FlexPen,Novo Nordisk A/S,"Injektionsvæske, opløsning i fyldt pen",100 E/ml,5 x 3 ml (Orifarm),På markedet ved udgangen af 2025,"Receptpligtigt, flere udleveringer",Ingen skift,DDD,,"Generelt klausuleret medicintilskud, recept",2137
A10AE05,092851,Levemir FlexPen,Novo Nordisk A/S,"Injektionsvæske, opløsning i fyldt pen",100 E/ml,5 x 3 ml (Paranova),På markedet ved udgangen af 2025,"Receptpligtigt, flere udleveringer",Ingen skift,DDD,,"Generelt klausuleret medicintilskud, recept",2137
A10AE05,098651,Levemir FlexPen,Novo Nordisk A/S,"Injektionsvæske, opløsning i fyldt pen",100 E/ml,5 x 3 ml (Abacus),På markedet ved udgangen af 2025,"Receptpligtigt, flere udleveringer",Ingen skift,DDD,,"Generelt klausuleret medicintilskud, recept",2137
A10AE05,476304,Levemir FlexPen,Novo Nordisk A/S,"Injektionsvæske, opløsning i fyldt pen",100 E/ml,3 ml,På markedet ved udgangen af 2025,"Receptpligtigt, flere udleveringer",Ingen skift,DDD,,"Generelt klausuleret medicintilskud, recept",2137
A10AE05,492582,Levemir FlexPen,Novo Nordisk A/S,"Injektionsvæske, opløsning i fyldt pen",100 E/ml,5 x 3 ml (2care4),På markedet ved udgangen af 2025,"Receptpligtigt, flere udleveringer",Ingen skift,DDD,,"Generelt klausuleret medicintilskud, recept",2137
A10AE06,081016,Tresiba 100 Penfill,Novo Nordisk A/S,"Injektionsvæske, opløsning i cylinderampul",100 E/ml,5 x 3 ml (Abacus),Trukket ud af markedet ved udgangen af 2025,"Receptpligtigt, flere udleveringer",Ingen skift,DDD,,"Generelt klausuleret medicintilskud, recept",7394
A10AE06,108109,Tresiba 200 Flextouch,Novo Nordisk A/S,"Injektionsvæske, opløsning i fyldt pen",200 E/ml,3 x 3 ml (2care4),Trukket ud af markedet ved udgangen af 2025,"Receptpligtigt, flere udleveringer",Ingen skift,DDD,,"Generelt klausuleret medicintilskud, recept",7898
A10AE06,110305,Tresiba 200 Flextouch,Novo Nordisk A/S,"Injektionsvæske, opløsning i fyldt pen",200 E/ml,3 x 3 ml (Orifarm),På markedet ved udgangen af 2025,"Receptpligtigt, flere udleveringer",Ingen skift,DDD,,"Generelt klausuleret medicintilskud, recept",7898
A10AE06,138835,Tresiba 200 Flextouch,Novo Nordisk A/S,"Injektionsvæske, opløsning i fyldt pen",200 E/ml,2 x 3 ml (Ebb Medical),På markedet ved udgangen af 2025,"Receptpligtigt, flere udleveringer",Ingen skift,DDD,,"Generelt klausuleret medicintilskud, recept",7898
A10AE06,161130,Tresiba 200 Flextouch,Novo Nordisk A/S,"Injektionsvæske, opløsning i fyldt pen",200 E/ml,3 x 3 ml (Abacus),På markedet ved udgangen af 2025,"Receptpligtigt, flere udleveringer",Ingen skift,DDD,,"Generelt klausuleret medicintilskud, recept",7898
A10AE06,174626,Tresiba 200 Flextouch,Novo Nordisk A/S,"Injektionsvæske, opløsning i fyldt pen",200 E/ml,3 x 3 ml,På markedet ved udgangen af 2025,"Receptpligtigt, flere udleveringer",Ingen skift,DDD,,"Generelt klausuleret medicintilskud, recept",7898
A10AE06,198485,Tresiba 100 Flextouch,Novo Nordisk A/S,"Injektionsvæske, opløsning i fyldt pen",100 E/ml,5 x 3 ml (Abacus),På markedet ved udgangen af 2025,"Receptpligtigt, flere udleveringer",Ingen skift,DDD,,"Generelt klausuleret medicintilskud, recept",7791
A10AE06,399152,Tresiba 200 Flextouch,Novo Nordisk A/S,"Injektionsvæske, opløsning i fyldt pen",200 E/ml,2 x 3 ml (Orifarm),På markedet ved udgangen af 2025,"Receptpligtigt, flere udleveringer",Ingen skift,DDD,,"Generelt klausuleret medicintilskud, recept",7898
A10AE06,403692,Tresiba 200 Flextouch,Novo Nordisk A/S,"Injektionsvæske, opløsning i fyldt pen",200 E/ml,3 x 3 ml (Medartuum),Trukket ud af markedet ved udgangen af 2025,"Receptpligtigt, flere udleveringer",Ingen skift,DDD,,"Generelt klausuleret medicintilskud, recept",7898
A10AE06,423795,Tresiba 100 Flextouch,Novo Nordisk A/S,"Injektionsvæske, opløsning i fyldt pen",100 E/ml,5 x 3 ml (Paranova),Trukket ud af markedet ved udgangen af 2025,"Receptpligtigt, flere udleveringer",Ingen skift,DDD,,"Generelt klausuleret medicintilskud, recept",7791
A10AE06,433751,Tresiba 200 Flextouch,Novo Nordisk A/S,"Injektionsvæske, opløsning i fyldt pen",200 E/ml,6 x 3 ml (Orifarm),På markedet ved udgangen af 2025,"Receptpligtigt, flere udleveringer",Ingen skift,DDD,,"Generelt klausuleret medicintilskud, recept",7898
A10AE06,445797,Tresiba 100 Flextouch,Novo Nordisk A/S,"Injektionsvæske, opløsning i fyldt pen",100 E/ml,5 x 3 ml (Orifarm),Trukket ud af markedet ved udgangen af 2025,"Receptpligtigt, flere udleveringer",Ingen skift,DDD,,"Generelt klausuleret medicintilskud, recept",7791
A10AE06,466152,Tresiba 200 Flextouch,Novo Nordisk A/S,"Injektionsvæske, opløsning i fyldt pen",200 E/ml,6 x 3 ml (Medartuum),På markedet ved udgangen af 2025,"Receptpligtigt, flere udleveringer",Ingen skift,DDD,,"Generelt klausuleret medicintilskud, recept",7898
A10AE06,476551,Tresiba 100 Penfill,Novo Nordisk A/S,"Injektionsvæske, opløsning i cylinderampul",100 E/ml,5 x 3 ml (2care4),Trukket ud af markedet ved udgangen af 2025,"Receptpligtigt, flere udleveringer",Ingen skift,DDD,,"Generelt klausuleret medicintilskud, recept",7394
A10AE06,477886,Tresiba 100 Flextouch,Novo Nordisk A/S,"Injektionsvæske, opløsning i fyldt pen",100 E/ml,5 x 3 ml (2care4),Trukket ud af markedet ved udgangen af 2025,"Receptpligtigt, flere udleveringer",Ingen skift,DDD,,"Generelt klausuleret medicintilskud, recept",7791
A10AE06,484846,Tresiba 100 Flextouch,Novo Nordisk A/S,"Injektionsvæske, opløsning i fyldt pen",100 E/ml,5 x 3 ml,På markedet ved udgangen af 2025,"Receptpligtigt, flere udleveringer",Ingen skift,DDD,,"Generelt klausuleret medicintilskud, recept",7791
A10AE06,485387,Tresiba 200 Flextouch,Novo Nordisk A/S,"Injektionsvæske, opløsning i fyldt pen",200 E/ml,2 x 3 ml (Paranova),På markedet ved udgangen af 2025,"Receptpligtigt, flere udleveringer",Ingen skift,DDD,,"Generelt klausuleret medicintilskud, recept",7898
A10AE06,487592,Tresiba 200 Flextouch,Novo Nordisk A/S,"Injektionsvæske, opløsning i fyldt pen",200 E/ml,3 x 3 ml (Paranova),Trukket ud af markedet ved udgangen af 2025,"Receptpligtigt, flere udleveringer",Ingen skift,DDD,,"Generelt klausuleret medicintilskud, recept",7898
A10AE06,518534,Tresiba 100 Penfill,Novo Nordisk A/S,"Injektionsvæske, opløsning i cylinderampul",100 E/ml,5 x 3 ml,På markedet ved udgangen af 2025,"Receptpligtigt, flere udleveringer",Ingen skift,DDD,,"Generelt klausuleret medicintilskud, recept",7394
A10AE06,550639,Tresiba 200 Flextouch,Novo Nordisk A/S,"Injektionsvæske, opløsning i fyldt pen",200 E/ml,2 x 3 ml (2care4),På markedet ved udgangen af 2025,"Receptpligtigt, flere udleveringer",Ingen skift,DDD,,"Generelt klausuleret medicintilskud, recept",7898
A10AE06,554224,Tresiba 100 Penfill,Novo Nordisk A/S,"Injektionsvæske, opløsning i cylinderampul",100 E/ml,5 x 3 ml (Orifarm),Trukket ud af markedet ved udgangen af 2025,"Receptpligtigt, flere udleveringer",Ingen skift,DDD,,"Generelt klausuleret medicintilskud, recept",7394
A10AE06,555962,Tresiba 200 Flextouch,Novo Nordisk A/S,"Injektionsvæske, opløsning i fyldt pen",200 E/ml,6 x 3 ml (Abacus),På markedet ved udgangen af 2025,"Receptpligtigt, flere udleveringer",Ingen skift,DDD,,"Generelt klausuleret medicintilskud, recept",7898
A10AE06,569669,Tresiba 100 Penfill,Novo Nordisk A/S,"Injektionsvæske, opløsning i cylinderampul",100 E/ml,5 x 3 ml (Paranova),Trukket ud af markedet ved udgangen af 2025,"Receptpligtigt, flere udleveringer",Ingen skift,DDD,,"Generelt klausuleret medicintilskud, recept",7394
A10AE06,583528,Tresiba 200 Flextouch,Novo Nordisk A/S,"Injektionsvæske, opløsning i fyldt pen",200 E/ml,6 x 3 ml (Paranova),På markedet ved udgangen af 2025,"Receptpligtigt, flere udleveringer",Ingen skift,DDD,,"Generelt klausuleret medicintilskud, recept",7898
