atc,year,sector,pkg,a1_packages_k,a1_volume_k,a1_turnover_kdkk,a2_packages_k,a2_packages_reimb_k,a2_volume_k,a2_turnover_kdkk,a2_reimb_kdkk,a3_packages_k,a3_volume_k
A10AE04,2010,100,004746,,,,3.8,3.8,144.2,2355.4,1837.7,,
A10AE04,2010,101,004746,3.8,144.2,2355.4,,,,,,,
A10AE04,2010,200,004746,0.1,1.9,,,,,,,,
A10AE04,2010,300,004746,,,,,,,,,3.9,146.1
A10AE04,2010,100,026119,,,,10.3,10.2,386.7,6046.6,4613.2,,
A10AE04,2010,101,026119,10.3,386.7,6046.6,,,,,,,
A10AE04,2010,200,026119,0,0,,,,,,,,
A10AE04,2010,300,026119,,,,,,,,,10.3,386.7
A10AE04,2010,100,026130,,,,2.9,2.9,108.9,1807.7,1385.3,,
A10AE04,2010,101,026130,2.9,108.9,1807.7,,,,,,,
A10AE04,2010,200,026130,0,0,,,,,,,,
A10AE04,2010,300,026130,,,,,,,,,2.9,108.9
A10AE04,2010,100,055924,,,,3.1,3.1,117,1983.8,1539.4,,
A10AE04,2010,101,055924,3.1,117,1983.8,,,,,,,
A10AE04,2010,200,055924,0,0,,,,,,,,
A10AE04,2010,300,055924,,,,,,,,,3.1,117
A10AE04,2010,100,087914,,,,59.6,59.5,2234.4,38383.7,30157.9,,
A10AE04,2010,101,087914,59.6,2234.4,38383.7,,,,,,,
A10AE04,2010,200,087914,1.3,49.3,,,,,,,,
A10AE04,2010,300,087914,,,,,,,,,60.9,2283.6
A10AE04,2010,100,088270,,,,6.4,6.4,241.7,4197.5,3252,,
A10AE04,2010,101,088270,6.4,241.7,4197.5,,,,,,,
A10AE04,2010,200,088270,0.1,2.8,,,,,,,,
A10AE04,2010,300,088270,,,,,,,,,6.5,244.4
A10AE05,2010,100,015343,,,,45.1,45.1,1691.6,29532.7,23026.6,,
A10AE05,2010,101,015343,45.1,1691.6,29532.7,,,,,,,
A10AE05,2010,200,015343,1.3,50.3,,,,,,,,
A10AE05,2010,300,015343,,,,,,,,,46.4,1741.8
A10AE05,2010,100,015448,,,,8.1,8.1,303,5364.4,4275,,
A10AE05,2010,101,015448,8.1,303,5364.4,,,,,,,
A10AE05,2010,200,015448,0.1,2.1,,,,,,,,
A10AE05,2010,300,015448,,,,,,,,,8.1,305.1
A10AE05,2010,100,025090,,,,66.2,66.2,2482.7,44457.4,35346,,
A10AE05,2010,101,025090,66.2,2482.7,44457.4,,,,,,,
A10AE05,2010,200,025090,0,0.4,,,,,,,,
A10AE05,2010,300,025090,,,,,,,,,66.2,2483.1
A10AE05,2010,100,092851,,,,6.6,6.6,246.8,4382.2,3470.9,,
A10AE05,2010,101,092851,6.6,246.8,4382.2,,,,,,,
A10AE05,2010,300,092851,,,,,,,,,6.6,246.8
A10AE04,2011,100,004746,,,,3.3,3.3,125.1,2081.2,1648.1,,
A10AE04,2011,101,004746,3.3,125.1,2081.2,,,,,,,
A10AE04,2011,200,004746,0.1,2.1,,,,,,,,
A10AE04,2011,300,004746,,,,,,,,,3.4,127.1
A10AE04,2011,100,026119,,,,7.4,7.4,278.3,4483.8,3500.6,,
A10AE04,2011,101,026119,7.4,278.3,4483.8,,,,,,,
A10AE04,2011,300,026119,,,,,,,,,7.4,278.3
A10AE04,2011,100,026130,,,,2.6,2.5,95.7,1592.7,1238.3,,
A10AE04,2011,101,026130,2.6,95.7,1592.7,,,,,,,
A10AE04,2011,200,026130,0,0.1,,,,,,,,
A10AE04,2011,300,026130,,,,,,,,,2.6,95.7
A10AE04,2011,100,055924,,,,2.2,2.2,81.8,1470.2,1119.5,,
A10AE04,2011,101,055924,2.2,81.8,1470.2,,,,,,,
A10AE04,2011,300,055924,,,,,,,,,2.2,81.8
A10AE04,2011,100,081996,,,,17.1,17.1,642.6,11282,8728.9,,
A10AE04,2011,101,081996,17.1,642.6,11282,,,,,,,
A10AE04,2011,200,081996,0.4,13.3,,,,,,,,
A10AE04,2011,300,081996,,,,,,,,,17.5,655.9
A10AE04,2011,100,087914,,,,59.2,59.1,2220.3,35168.4,27465.4,,
A10AE04,2011,101,087914,59.2,2220.3,35168.4,,,,,,,
A10AE04,2011,200,087914,1.2,44.1,,,,,,,,
A10AE04,2011,300,087914,,,,,,,,,60.4,2264.4
A10AE04,2011,100,088270,,,,6.3,6.3,235.9,4164.9,3228.7,,
A10AE04,2011,101,088270,6.3,235.9,4164.9,,,,,,,
A10AE04,2011,200,088270,0.1,2.1,,,,,,,,
A10AE04,2011,300,088270,,,,,,,,,6.3,238.1
A10AE04,2011,100,458553,,,,7.7,7.7,288.2,4788.1,3698.8,,
A10AE04,2011,101,458553,7.7,288.2,4788.1,,,,,,,
A10AE04,2011,200,458553,0,0,,,,,,,,
A10AE04,2011,300,458553,,,,,,,,,7.7,288.2
A10AE05,2011,100,015343,,,,97.2,97.1,3643.8,60728,47726.8,,
A10AE05,2011,101,015343,97.2,3643.8,60728,,,,,,,
A10AE05,2011,200,015343,1.3,47.4,,,,,,,,
A10AE05,2011,300,015343,,,,,,,,,98.4,3691.2
A10AE05,2011,100,015448,,,,8.4,8.4,316.1,5698.2,4538.9,,
A10AE05,2011,101,015448,8.4,316.1,5698.2,,,,,,,
A10AE05,2011,200,015448,0,1.2,,,,,,,,
A10AE05,2011,300,015448,,,,,,,,,8.5,317.3
A10AE05,2011,100,025090,,,,30.7,30.7,1150.7,19401,15059.2,,
A10AE05,2011,101,025090,30.7,1150.7,19401,,,,,,,
A10AE05,2011,200,025090,0,0.1,,,,,,,,
A10AE05,2011,300,025090,,,,,,,,,30.7,1150.8
A10AE04,2012,100,004746,,,,3.1,3.1,115.9,1945.9,1533.4,,
A10AE04,2012,101,004746,3.1,115.9,1945.9,,,,,,,
A10AE04,2012,200,004746,0,1.2,,,,,,,,
A10AE04,2012,300,004746,,,,,,,,,3.1,117.1
A10AE04,2012,100,026119,,,,0,0,0,0.7,0.6,,
A10AE04,2012,101,026119,0,0,0.7,,,,,,,
A10AE04,2012,300,026119,,,,,,,,,0,0
A10AE04,2012,100,026130,,,,2.4,2.3,88.2,1514.8,1184,,
A10AE04,2012,101,026130,2.4,88.2,1514.8,,,,,,,
A10AE04,2012,200,026130,0,0,,,,,,,,
A10AE04,2012,300,026130,,,,,,,,,2.4,88.2
A10AE04,2012,100,055924,,,,0.7,0.7,24.9,472.6,363.2,,
A10AE04,2012,101,055924,0.7,24.9,472.6,,,,,,,
A10AE04,2012,300,055924,,,,,,,,,0.7,24.9
A10AE04,2012,100,068267,,,,8.4,8.4,315.9,5352.9,4226.6,,
A10AE04,2012,101,068267,8.4,315.9,5352.9,,,,,,,
A10AE04,2012,200,068267,0,0.1,,,,,,,,
A10AE04,2012,300,068267,,,,,,,,,8.4,316
A10AE04,2012,100,080758,,,,7.3,7.3,273.2,4878.6,3893,,
A10AE04,2012,101,080758,7.3,273.2,4878.6,,,,,,,
A10AE04,2012,300,080758,,,,,,,,,7.3,273.2
A10AE04,2012,100,081996,,,,89.3,89.2,3350.4,55827.3,43750.7,,
A10AE04,2012,101,081996,89.3,3350.4,55827.3,,,,,,,
A10AE04,2012,200,081996,1.9,71.6,,,,,,,,
A10AE04,2012,300,081996,,,,,,,,,91.3,3422
A10AE04,2012,100,087914,,,,0,0,0.1,1.3,1.2,,
A10AE04,2012,101,087914,0,0.1,1.3,,,,,,,
A10AE04,2012,300,087914,,,,,,,,,0,0.1
A10AE04,2012,100,088270,,,,4.1,4.1,154.9,2750.5,2142.1,,
A10AE04,2012,101,088270,4.1,154.9,2750.5,,,,,,,
A10AE04,2012,200,088270,0,0.6,,,,,,,,
A10AE04,2012,300,088270,,,,,,,,,4.1,155.4
A10AE04,2012,100,386354,,,,0.4,0.4,13.1,243.2,192.5,,
A10AE04,2012,101,386354,0.4,13.1,243.2,,,,,,,
A10AE04,2012,300,386354,,,,,,,,,0.4,13.1
A10AE04,2012,100,458553,,,,12.3,12.3,461.7,7894.6,6158.4,,
A10AE04,2012,101,458553,12.3,461.7,7894.6,,,,,,,
A10AE04,2012,300,458553,,,,,,,,,12.3,461.7
A10AE05,2012,100,015343,,,,101,101,3787.9,66782.1,52691.8,,
A10AE05,2012,101,015343,101,3787.9,66782.1,,,,,,,
A10AE05,2012,200,015343,1.2,46.7,,,,,,,,
A10AE05,2012,300,015343,,,,,,,,,102.3,3834.6
A10AE05,2012,100,015448,,,,8.6,8.6,322.2,5842.8,4652,,
A10AE05,2012,101,015448,8.6,322.2,5842.8,,,,,,,
A10AE05,2012,200,015448,0,1.8,,,,,,,,
A10AE05,2012,300,015448,,,,,,,,,8.6,324
A10AE05,2012,100,025090,,,,26.4,26.3,988.4,17453.5,13611.7,,
A10AE05,2012,101,025090,26.4,988.4,17453.5,,,,,,,
A10AE05,2012,300,025090,,,,,,,,,26.4,988.4
A10AE05,2012,100,098651,,,,7.2,7.2,268.8,5088.3,4007.1,,
A10AE05,2012,101,098651,7.2,268.8,5088.3,,,,,,,
A10AE05,2012,300,098651,,,,,,,,,7.2,268.8
A10AE04,2013,100,004746,,,,5.2,5.2,194.4,2787.2,2186.5,,
A10AE04,2013,101,004746,5.2,194.4,2787.2,,,,,,,
A10AE04,2013,200,004746,0,1.5,,,,,,,,
A10AE04,2013,300,004746,,,,,,,,,5.2,195.9
A10AE04,2013,100,026130,,,,0.2,0.2,7.4,106.6,79.7,,
A10AE04,2013,101,026130,0.2,7.4,106.6,,,,,,,
A10AE04,2013,200,026130,0,0,,,,,,,,
A10AE04,2013,300,026130,,,,,,,,,0.2,7.5
A10AE04,2013,100,068267,,,,1.3,1.3,49.5,878,548.6,,
A10AE04,2013,101,068267,1.3,49.5,878,,,,,,,
A10AE04,2013,200,068267,1.6,60.6,,,,,,,,
A10AE04,2013,300,068267,,,,,,,,,2.9,110.1
A10AE04,2013,100,080758,,,,0.2,0.2,7.5,110.6,80.4,,
A10AE04,2013,101,080758,0.2,7.5,110.6,,,,,,,
A10AE04,2013,300,080758,,,,,,,,,0.2,7.5
A10AE04,2013,100,081996,,,,142.2,142,5332.9,76440.4,59254.1,,
A10AE04,2013,101,081996,142.2,5332.9,76440.4,,,,,,,
A10AE04,2013,200,081996,0.6,22.4,,,,,,,,
A10AE04,2013,300,081996,,,,,,,,,142.8,5355.3
A10AE04,2013,100,386354,,,,0,0,0.8,14.5,11.2,,
A10AE04,2013,101,386354,0,0.8,14.5,,,,,,,
A10AE04,2013,300,386354,,,,,,,,,0,0.8
A10AE04,2013,100,458553,,,,1.6,1.5,58.2,854,637,,
A10AE04,2013,101,458553,1.6,58.2,854,,,,,,,
A10AE04,2013,300,458553,,,,,,,,,1.6,58.2
A10AE05,2013,100,015343,,,,122,121.9,4574.1,66242,51584,,
A10AE05,2013,101,015343,122,4574.1,66242,,,,,,,
A10AE05,2013,200,015343,0.4,13.9,,,,,,,,
A10AE05,2013,300,015343,,,,,,,,,122.3,4588
A10AE05,2013,100,015448,,,,8.5,8.5,320.5,4706.8,3711.4,,
A10AE05,2013,101,015448,8.5,320.5,4706.8,,,,,,,
A10AE05,2013,200,015448,0.1,2.1,,,,,,,,
A10AE05,2013,300,015448,,,,,,,,,8.6,322.6
A10AE05,2013,100,025090,,,,4,4,149.6,2497.4,1939,,
A10AE05,2013,101,025090,4,149.6,2497.4,,,,,,,
A10AE05,2013,300,025090,,,,,,,,,4,149.6
A10AE05,2013,100,092851,,,,0.1,0.1,4.5,82.1,50.4,,
A10AE05,2013,101,092851,0.1,4.5,82.1,,,,,,,
A10AE05,2013,200,092851,0.8,29.4,,,,,,,,
A10AE05,2013,300,092851,,,,,,,,,0.9,33.9
A10AE05,2013,100,098651,,,,8.1,8.1,302.4,5487,4277.1,,
A10AE05,2013,101,098651,8.1,302.4,5487,,,,,,,
A10AE05,2013,300,098651,,,,,,,,,8.1,302.4
A10AE06,2013,100,174626,,,,0.3,0.2,11.8,288.3,219.4,,
A10AE06,2013,101,174626,0.3,11.8,288.3,,,,,,,
A10AE06,2013,200,174626,0,0.2,,,,,,,,
A10AE06,2013,300,174626,,,,,,,,,0.3,12.1
A10AE06,2013,100,484846,,,,0.8,0.6,29,709.8,439.9,,
A10AE06,2013,101,484846,0.8,29,709.8,,,,,,,
A10AE06,2013,200,484846,0,0.8,,,,,,,,
A10AE06,2013,300,484846,,,,,,,,,0.8,29.8
A10AE06,2013,100,518534,,,,0.1,0,2,49.5,24.4,,
A10AE06,2013,101,518534,0.1,2,49.5,,,,,,,
A10AE06,2013,300,518534,,,,,,,,,0.1,2
A10AE04,2014,100,004746,,,,5.2,5.2,194.8,2787.4,2186.5,,
A10AE04,2014,101,004746,5.2,194.8,2787.4,,,,,,,
A10AE04,2014,200,004746,0,1.4,,,,,,,,
A10AE04,2014,300,004746,,,,,,,,,5.2,196.2
A10AE04,2014,100,068267,,,,0.8,0.8,29.4,481.3,312.7,,
A10AE04,2014,101,068267,0.8,29.4,481.3,,,,,,,
A10AE04,2014,200,068267,0.7,25.8,,,,,,,,
A10AE04,2014,300,068267,,,,,,,,,1.5,55.2
A10AE04,2014,100,080758,,,,0,0,0,0.7,0,,
A10AE04,2014,101,080758,0,0,0.7,,,,,,,
A10AE04,2014,300,080758,,,,,,,,,0,0
A10AE04,2014,100,081996,,,,175.1,174.9,6567.4,93994.1,72784.9,,
A10AE04,2014,101,081996,175.1,6567.4,93994.1,,,,,,,
A10AE04,2014,200,081996,2,74.5,,,,,,,,
A10AE04,2014,300,081996,,,,,,,,,177.1,6641.9
A10AE04,2014,100,458553,,,,0,0,0.6,8.7,7.3,,
A10AE04,2014,101,458553,0,0.6,8.7,,,,,,,
A10AE04,2014,200,458553,0,0.1,,,,,,,,
A10AE04,2014,300,458553,,,,,,,,,0,0.7
A10AE05,2014,100,015343,,,,130,129.9,4873.2,70420.8,54773.3,,
A10AE05,2014,101,015343,130,4873.2,70420.8,,,,,,,
A10AE05,2014,200,015343,0.8,31.5,,,,,,,,
A10AE05,2014,300,015343,,,,,,,,,130.8,4904.7
A10AE05,2014,100,015448,,,,8,8,301.5,4357.8,3378.4,,
A10AE05,2014,101,015448,8,301.5,4357.8,,,,,,,
A10AE05,2014,200,015448,0.1,2.4,,,,,,,,
A10AE05,2014,300,015448,,,,,,,,,8.1,304
A10AE05,2014,100,092851,,,,1.8,1.8,66.8,972.2,757,,
A10AE05,2014,101,092851,1.8,66.8,972.2,,,,,,,
A10AE05,2014,200,092851,0.4,13.6,,,,,,,,
A10AE05,2014,300,092851,,,,,,,,,2.1,80.4
A10AE05,2014,100,098651,,,,0.1,0.1,2.9,43.7,32.3,,
A10AE05,2014,101,098651,0.1,2.9,43.7,,,,,,,
A10AE05,2014,300,098651,,,,,,,,,0.1,2.9
A10AE06,2014,100,174626,,,,1,0.9,43.7,1068.6,874.3,,
A10AE06,2014,101,174626,1,43.7,1068.6,,,,,,,
A10AE06,2014,200,174626,0,0.6,,,,,,,,
A10AE06,2014,300,174626,,,,,,,,,1,44.3
A10AE06,2014,100,484846,,,,3.6,3.3,134.1,3288.9,2326.4,,
A10AE06,2014,101,484846,3.6,134.1,3288.9,,,,,,,
A10AE06,2014,200,484846,0.1,2.7,,,,,,,,
A10AE06,2014,300,484846,,,,,,,,,3.6,136.8
A10AE06,2014,100,518534,,,,0.2,0.2,7.7,188.6,135.1,,
A10AE06,2014,101,518534,0.2,7.7,188.6,,,,,,,
A10AE06,2014,200,518534,0,0.3,,,,,,,,
A10AE06,2014,300,518534,,,,,,,,,0.2,8
A10AE04,2015,100,004746,,,,4.7,4.7,175.4,2505.4,1964.3,,
A10AE04,2015,101,004746,4.7,175.4,2505.4,,,,,,,
A10AE04,2015,200,004746,0,1.1,,,,,,,,
A10AE04,2015,300,004746,,,,,,,,,4.7,176.4
A10AE04,2015,100,068267,,,,0,0,0.1,1.6,1.5,,
A10AE04,2015,101,068267,0,0.1,1.6,,,,,,,
A10AE04,2015,200,068267,0,0.1,,,,,,,,
A10AE04,2015,300,068267,,,,,,,,,0,0.2
A10AE04,2015,100,081996,,,,208.3,208,7812.4,111596.7,86642.1,,
A10AE04,2015,101,081996,208.3,7812.4,111596.7,,,,,,,
A10AE04,2015,200,081996,3,113.4,,,,,,,,
A10AE04,2015,300,081996,,,,,,,,,211.4,7925.8
A10AE04,2015,100,135216,,,,3.8,3.8,213.8,3005.6,2490.6,,
A10AE04,2015,101,135216,3.8,213.8,3005.6,,,,,,,
A10AE04,2015,200,135216,0,2.6,,,,,,,,
A10AE04,2015,300,135216,,,,,,,,,3.8,216.5
A10AE04,2015,100,197480,,,,0.2,0.1,5.7,70.5,47.6,,
A10AE04,2015,101,197480,0.2,5.7,70.5,,,,,,,
A10AE04,2015,200,197480,0,0.8,,,,,,,,
A10AE04,2015,300,197480,,,,,,,,,0.2,6.5
A10AE04,2015,100,445705,,,,3.5,3.5,116.6,1669.7,1302.3,,
A10AE04,2015,101,445705,3.5,116.6,1669.7,,,,,,,
A10AE04,2015,200,445705,0.1,3.6,,,,,,,,
A10AE04,2015,300,445705,,,,,,,,,3.6,120.3
A10AE04,2015,100,458553,,,,0,0,0.5,6.5,4.9,,
A10AE04,2015,101,458553,0,0.5,6.5,,,,,,,
A10AE04,2015,300,458553,,,,,,,,,0,0.5
A10AE05,2015,100,015343,,,,124.1,124.1,4654.7,67456.2,52613.5,,
A10AE05,2015,101,015343,124.1,4654.7,67456.2,,,,,,,
A10AE05,2015,200,015343,1.1,42.1,,,,,,,,
A10AE05,2015,300,015343,,,,,,,,,125.2,4696.7
A10AE05,2015,100,015448,,,,7.5,7.5,280.4,4062.9,3142.3,,
A10AE05,2015,101,015448,7.5,280.4,4062.9,,,,,,,
A10AE05,2015,200,015448,0.1,2.5,,,,,,,,
A10AE05,2015,300,015448,,,,,,,,,7.5,282.9
A10AE05,2015,100,025090,,,,1.1,1.1,42,629.1,478,,
A10AE05,2015,101,025090,1.1,42,629.1,,,,,,,
A10AE05,2015,300,025090,,,,,,,,,1.1,42
A10AE05,2015,100,098651,,,,0,0,0,0.5,0.5,,
A10AE05,2015,101,098651,0,0,0.5,,,,,,,
A10AE05,2015,300,098651,,,,,,,,,0,0
A10AE06,2015,100,174626,,,,1.4,1.4,65.1,1587.5,1301.8,,
A10AE06,2015,101,174626,1.4,65.1,1587.5,,,,,,,
A10AE06,2015,200,174626,0,0.3,,,,,,,,
A10AE06,2015,300,174626,,,,,,,,,1.5,65.4
A10AE06,2015,100,484846,,,,6.6,6.2,247.3,6053.3,4322.8,,
A10AE06,2015,101,484846,6.6,247.3,6053.3,,,,,,,
A10AE06,2015,200,484846,0.1,3,,,,,,,,
A10AE06,2015,300,484846,,,,,,,,,6.7,250.3
A10AE06,2015,100,518534,,,,0.4,0.3,13.8,337.8,241.2,,
A10AE06,2015,101,518534,0.4,13.8,337.8,,,,,,,
A10AE06,2015,200,518534,0,0.2,,,,,,,,
A10AE06,2015,300,518534,,,,,,,,,0.4,14
A10AE04,2016,100,004746,,,,3.4,3.4,129.2,1827.8,1406.6,,
A10AE04,2016,101,004746,3.4,129.2,1827.8,,,,,,,
A10AE04,2016,200,004746,0,1.1,,,,,,,,
A10AE04,2016,300,004746,,,,,,,,,3.5,130.4
A10AE04,2016,100,081996,,,,194.4,194.1,7289.1,103093.1,80100.9,,
A10AE04,2016,101,081996,194.4,7289.1,103093.1,,,,,,,
A10AE04,2016,200,081996,2.8,105,,,,,,,,
A10AE04,2016,300,081996,,,,,,,,,197.2,7394.1
A10AE04,2016,100,135216,,,,22.9,22.9,1287.7,17978.3,15129.9,,
A10AE04,2016,101,135216,22.9,1287.7,17978.3,,,,,,,
A10AE04,2016,200,135216,0.1,4.6,,,,,,,,
A10AE04,2016,300,135216,,,,,,,,,23,1292.2
A10AE04,2016,100,197480,,,,3.5,3.5,129.5,1599.7,1178,,
A10AE04,2016,101,197480,3.5,129.5,1599.7,,,,,,,
A10AE04,2016,200,197480,0.1,5.5,,,,,,,,
A10AE04,2016,300,197480,,,,,,,,,3.6,135
A10AE04,2016,100,409928,,,,1.8,1.8,66.9,826.6,623.1,,
A10AE04,2016,101,409928,1.8,66.9,826.6,,,,,,,
A10AE04,2016,200,409928,0,0.3,,,,,,,,
A10AE04,2016,300,409928,,,,,,,,,1.8,67.2
A10AE04,2016,100,445705,,,,20.8,20.8,701.6,9964.7,7853.3,,
A10AE04,2016,101,445705,20.8,701.6,9964.7,,,,,,,
A10AE04,2016,200,445705,0.5,16.8,,,,,,,,
A10AE04,2016,300,445705,,,,,,,,,21.3,718.4
A10AE04,2016,100,448060,,,,0.8,0.7,28.2,348.5,257.2,,
A10AE04,2016,101,448060,0.8,28.2,348.5,,,,,,,
A10AE04,2016,200,448060,0.1,5.3,,,,,,,,
A10AE04,2016,300,448060,,,,,,,,,0.9,33.5
A10AE04,2016,100,458553,,,,0,0,0,0.5,0.5,,
A10AE04,2016,101,458553,0,0,0.5,,,,,,,
A10AE04,2016,300,458553,,,,,,,,,0,0
A10AE05,2016,100,015343,,,,101.6,101.5,3810.1,54667.7,42730,,
A10AE05,2016,101,015343,101.6,3810.1,54667.7,,,,,,,
A10AE05,2016,200,015343,0.3,10.5,,,,,,,,
A10AE05,2016,300,015343,,,,,,,,,101.9,3820.6
A10AE05,2016,100,015448,,,,6.1,6.1,228,3271.4,2541.9,,
A10AE05,2016,101,015448,6.1,228,3271.4,,,,,,,
A10AE05,2016,200,015448,0.1,2.3,,,,,,,,
A10AE05,2016,300,015448,,,,,,,,,6.1,230.3
A10AE05,2016,100,025090,,,,0.8,0.8,30.6,443.7,346.9,,
A10AE05,2016,101,025090,0.8,30.6,443.7,,,,,,,
A10AE05,2016,300,025090,,,,,,,,,0.8,30.6
A10AE05,2016,100,092851,,,,0,0,0.3,5.4,1.4,,
A10AE05,2016,101,092851,0,0.3,5.4,,,,,,,
A10AE05,2016,200,092851,0.6,20.9,,,,,,,,
A10AE05,2016,300,092851,,,,,,,,,0.6,21.2
A10AE06,2016,100,174626,,,,24.4,24.4,1097,19088.5,16011.6,,
A10AE06,2016,101,174626,24.4,1097,19088.5,,,,,,,
A10AE06,2016,200,174626,0.2,8.9,,,,,,,,
A10AE06,2016,300,174626,,,,,,,,,24.6,1105.9
A10AE06,2016,100,484846,,,,27.7,27.6,1037.6,18156.9,13612.5,,
A10AE06,2016,101,484846,27.7,1037.6,18156.9,,,,,,,
A10AE06,2016,200,484846,0.5,17.7,,,,,,,,
A10AE06,2016,300,484846,,,,,,,,,28.1,1055.3
A10AE06,2016,100,518534,,,,1.3,1.3,48.8,854.2,626.2,,
A10AE06,2016,101,518534,1.3,48.8,854.2,,,,,,,
A10AE06,2016,200,518534,0,0.2,,,,,,,,
A10AE06,2016,300,518534,,,,,,,,,1.3,49
A10AE04,2017,100,004746,,,,2.5,2.5,92.5,1302.6,1003.1,,
A10AE04,2017,101,004746,2.5,92.5,1302.6,,,,,,,
A10AE04,2017,200,004746,0,1.1,,,,,,,,
A10AE04,2017,300,004746,,,,,,,,,2.5,93.6
A10AE04,2017,100,026119,,,,8.5,8.5,319.9,4488.6,3416.8,,
A10AE04,2017,101,026119,8.5,319.9,4488.6,,,,,,,
A10AE04,2017,300,026119,,,,,,,,,8.5,319.9
A10AE04,2017,100,068267,,,,53.1,53,1991.1,27984.9,21487.8,,
A10AE04,2017,101,068267,53.1,1991.1,27984.9,,,,,,,
A10AE04,2017,200,068267,0,0.1,,,,,,,,
A10AE04,2017,300,068267,,,,,,,,,53.1,1991.1
A10AE04,2017,100,076648,,,,0.8,0.8,27.8,335.5,257.4,,
A10AE04,2017,101,076648,0.8,27.8,335.5,,,,,,,
A10AE04,2017,300,076648,,,,,,,,,0.8,27.8
A10AE04,2017,100,081996,,,,104.9,104.7,3933.9,55409.6,42596.6,,
A10AE04,2017,101,081996,104.9,3933.9,55409.6,,,,,,,
A10AE04,2017,200,081996,2.2,81.2,,,,,,,,
A10AE04,2017,300,081996,,,,,,,,,107.1,4015.1
A10AE04,2017,100,105454,,,,3.1,3.1,176.6,2145.4,1758.9,,
A10AE04,2017,101,105454,3.1,176.6,2145.4,,,,,,,
A10AE04,2017,300,105454,,,,,,,,,3.1,176.6
A10AE04,2017,100,135216,,,,27.6,27.6,1553.7,18523.1,15204.8,,
A10AE04,2017,101,135216,27.6,1553.7,18523.1,,,,,,,
A10AE04,2017,200,135216,0.1,3.4,,,,,,,,
A10AE04,2017,300,135216,,,,,,,,,27.7,1557.1
A10AE04,2017,100,409928,,,,2.9,2.9,110.5,1372.5,990.9,,
A10AE04,2017,101,409928,2.9,110.5,1372.5,,,,,,,
A10AE04,2017,200,409928,0,0.2,,,,,,,,
A10AE04,2017,300,409928,,,,,,,,,3,110.7
A10AE04,2017,100,413834,,,,3.7,3.7,206.8,2493.2,2044.7,,
A10AE04,2017,101,413834,3.7,206.8,2493.2,,,,,,,
A10AE04,2017,300,413834,,,,,,,,,3.7,206.8
A10AE04,2017,100,445705,,,,31.7,31.7,1068.8,13015.9,10138.5,,
A10AE04,2017,101,445705,31.7,1068.8,13015.9,,,,,,,
A10AE04,2017,200,445705,0.8,28.4,,,,,,,,
A10AE04,2017,300,445705,,,,,,,,,32.5,1097.1
A10AE04,2017,100,448060,,,,10.1,10.1,379,4660.3,3444.9,,
A10AE04,2017,101,448060,10.1,379,4660.3,,,,,,,
A10AE04,2017,200,448060,0.8,28.9,,,,,,,,
A10AE04,2017,300,448060,,,,,,,,,10.9,407.9
A10AE05,2017,100,015343,,,,74.2,74.2,2783.3,39789.5,30890,,
A10AE05,2017,101,015343,74.2,2783.3,39789.5,,,,,,,
A10AE05,2017,200,015343,0,0.1,,,,,,,,
A10AE05,2017,300,015343,,,,,,,,,74.2,2783.4
A10AE05,2017,100,015448,,,,4.3,4.3,160,2287.5,1740,,
A10AE05,2017,101,015448,4.3,160,2287.5,,,,,,,
A10AE05,2017,200,015448,0,1.6,,,,,,,,
A10AE05,2017,300,015448,,,,,,,,,4.3,161.6
A10AE05,2017,100,025090,,,,0,0,0.4,5.9,4.4,,
A10AE05,2017,101,025090,0,0.4,5.9,,,,,,,
A10AE05,2017,300,025090,,,,,,,,,0,0.4
A10AE05,2017,100,092851,,,,0,0,0.7,11.4,7.8,,
A10AE05,2017,101,092851,0,0.7,11.4,,,,,,,
A10AE05,2017,200,092851,0.7,27,,,,,,,,
A10AE05,2017,300,092851,,,,,,,,,0.7,27.7
A10AE06,2017,100,174626,,,,64.5,64.5,2904.7,50444.2,42400.1,,
A10AE06,2017,101,174626,64.5,2904.7,50444.2,,,,,,,
A10AE06,2017,200,174626,0.5,24.3,,,,,,,,
A10AE06,2017,300,174626,,,,,,,,,65.1,2929.1
A10AE06,2017,100,484846,,,,57.1,57,2139.5,37328.1,27932.5,,
A10AE06,2017,101,484846,57.1,2139.5,37328.1,,,,,,,
A10AE06,2017,200,484846,0.9,33.1,,,,,,,,
A10AE06,2017,300,484846,,,,,,,,,57.9,2172.6
A10AE06,2017,100,518534,,,,2.3,2.2,84.4,1472.8,1068.8,,
A10AE06,2017,101,518534,2.3,84.4,1472.8,,,,,,,
A10AE06,2017,200,518534,0,0.2,,,,,,,,
A10AE06,2017,300,518534,,,,,,,,,2.3,84.6
A10AE04,2018,100,004746,,,,1.8,1.8,69.1,972.9,730,,
A10AE04,2018,101,004746,1.8,69.1,972.9,,,,,,,
A10AE04,2018,200,004746,0,0.5,,,,,,,,
A10AE04,2018,300,004746,,,,,,,,,1.9,69.5
A10AE04,2018,100,026119,,,,74.4,74.3,2791.7,38127.1,29074.8,,
A10AE04,2018,101,026119,74.4,2791.7,38127.1,,,,,,,
A10AE04,2018,200,026119,0,0,,,,,,,,
A10AE04,2018,300,026119,,,,,,,,,74.4,2791.7
A10AE04,2018,100,068267,,,,44.5,44.4,1668,22881.8,17493.3,,
A10AE04,2018,101,068267,44.5,1668,22881.8,,,,,,,
A10AE04,2018,300,068267,,,,,,,,,44.5,1668
A10AE04,2018,100,076648,,,,0,0,1.4,17.1,12.3,,
A10AE04,2018,101,076648,0,1.4,17.1,,,,,,,
A10AE04,2018,300,076648,,,,,,,,,0,1.4
A10AE04,2018,100,081996,,,,27.3,27.3,1024.1,14423.8,10700.3,,
A10AE04,2018,101,081996,27.3,1024.1,14423.8,,,,,,,
A10AE04,2018,200,081996,2,74.3,,,,,,,,
A10AE04,2018,300,081996,,,,,,,,,29.3,1098.3
A10AE04,2018,100,105454,,,,0.1,0.1,3.3,38.6,30.1,,
A10AE04,2018,101,105454,0.1,3.3,38.6,,,,,,,
A10AE04,2018,300,105454,,,,,,,,,0.1,3.3
A10AE04,2018,100,135216,,,,41.7,41.7,2344.9,27869,22663,,
A10AE04,2018,101,135216,41.7,2344.9,27869,,,,,,,
A10AE04,2018,200,135216,0.1,6.9,,,,,,,,
A10AE04,2018,300,135216,,,,,,,,,41.8,2351.8
A10AE04,2018,100,189355,,,,6.8,6.8,255.8,3141.4,2295.6,,
A10AE04,2018,101,189355,6.8,255.8,3141.4,,,,,,,
A10AE04,2018,300,189355,,,,,,,,,6.8,255.8
A10AE04,2018,100,409928,,,,0.7,0.7,27,331.9,238,,
A10AE04,2018,101,409928,0.7,27,331.9,,,,,,,
A10AE04,2018,300,409928,,,,,,,,,0.7,27
A10AE04,2018,100,413834,,,,1.7,1.7,94.4,1115.1,902.2,,
A10AE04,2018,101,413834,1.7,94.4,1115.1,,,,,,,
A10AE04,2018,300,413834,,,,,,,,,1.7,94.4
A10AE04,2018,100,445705,,,,39.5,39.5,1332.7,16124.1,12425.1,,
A10AE04,2018,101,445705,39.5,1332.7,16124.1,,,,,,,
A10AE04,2018,200,445705,1.1,38.1,,,,,,,,
A10AE04,2018,300,445705,,,,,,,,,40.6,1370.8
A10AE04,2018,100,448060,,,,9.4,9.4,352,4326.4,3211.4,,
A10AE04,2018,101,448060,9.4,352,4326.4,,,,,,,
A10AE04,2018,200,448060,0.8,29.7,,,,,,,,
A10AE04,2018,300,448060,,,,,,,,,10.2,381.7
A10AE05,2018,100,015343,,,,56.5,56.4,2117.7,30263.5,23432,,
A10AE05,2018,101,015343,56.5,2117.7,30263.5,,,,,,,
A10AE05,2018,200,015343,0.4,14.8,,,,,,,,
A10AE05,2018,300,015343,,,,,,,,,56.9,2132.5
A10AE05,2018,100,015448,,,,3.1,3.1,117.3,1676.3,1263.9,,
A10AE05,2018,101,015448,3.1,117.3,1676.3,,,,,,,
A10AE05,2018,200,015448,0,1.7,,,,,,,,
A10AE05,2018,300,015448,,,,,,,,,3.2,119
A10AE05,2018,100,092851,,,,0.1,0.1,4.2,60.9,41.8,,
A10AE05,2018,101,092851,0.1,4.2,60.9,,,,,,,
A10AE05,2018,200,092851,0.3,13.1,,,,,,,,
A10AE05,2018,300,092851,,,,,,,,,0.5,17.3
A10AE06,2018,100,110305,,,,9.4,9.4,422.6,7336.3,6200.3,,
A10AE06,2018,101,110305,9.4,422.6,7336.3,,,,,,,
A10AE06,2018,300,110305,,,,,,,,,9.4,422.6
A10AE06,2018,100,174626,,,,73.5,73.5,3309.3,57440.5,48319.2,,
A10AE06,2018,101,174626,73.5,3309.3,57440.5,,,,,,,
A10AE06,2018,200,174626,0.6,28.4,,,,,,,,
A10AE06,2018,300,174626,,,,,,,,,74.2,3337.7
A10AE06,2018,100,423795,,,,5.3,5.3,200.4,3494,2630.4,,
A10AE06,2018,101,423795,5.3,200.4,3494,,,,,,,
A10AE06,2018,300,423795,,,,,,,,,5.3,200.4
A10AE06,2018,100,484846,,,,74.9,74.8,2809.7,48995.2,36498.7,,
A10AE06,2018,101,484846,74.9,2809.7,48995.2,,,,,,,
A10AE06,2018,200,484846,1.1,41.6,,,,,,,,
A10AE06,2018,300,484846,,,,,,,,,76,2851.3
A10AE06,2018,100,487592,,,,8.7,8.7,393,6818.9,5696.4,,
A10AE06,2018,101,487592,8.7,393,6818.9,,,,,,,
A10AE06,2018,200,487592,0,0,,,,,,,,
A10AE06,2018,300,487592,,,,,,,,,8.7,393
A10AE06,2018,100,518534,,,,2.8,2.8,106.5,1856.6,1360.7,,
A10AE06,2018,101,518534,2.8,106.5,1856.6,,,,,,,
A10AE06,2018,200,518534,0,0.2,,,,,,,,
A10AE06,2018,300,518534,,,,,,,,,2.8,106.7
A10AE04,2019,100,004746,,,,1.5,1.5,56.9,798.1,590.7,,
A10AE04,2019,101,004746,1.5,56.9,798.1,,,,,,,
A10AE04,2019,200,004746,0,0.4,,,,,,,,
A10AE04,2019,300,004746,,,,,,,,,1.5,57.3
A10AE04,2019,100,026119,,,,70.3,70.2,2635.5,34938.7,26410.5,,
A10AE04,2019,101,026119,70.3,2635.5,34938.7,,,,,,,
A10AE04,2019,200,026119,0,0.3,,,,,,,,
A10AE04,2019,300,026119,,,,,,,,,70.3,2635.8
A10AE04,2019,100,061004,,,,0.7,0.7,26.5,360,256.1,,
A10AE04,2019,101,061004,0.7,26.5,360,,,,,,,
A10AE04,2019,300,061004,,,,,,,,,0.7,26.5
A10AE04,2019,100,068267,,,,47.4,47.3,1778,23004,17446.3,,
A10AE04,2019,101,068267,47.4,1778,23004,,,,,,,
A10AE04,2019,200,068267,0,0.2,,,,,,,,
A10AE04,2019,300,068267,,,,,,,,,47.4,1778.2
A10AE04,2019,100,081996,,,,10.8,10.8,404.9,5681.3,4106.7,,
A10AE04,2019,101,081996,10.8,404.9,5681.3,,,,,,,
A10AE04,2019,200,081996,2.3,87.2,,,,,,,,
A10AE04,2019,300,081996,,,,,,,,,13.1,492.1
A10AE04,2019,100,135216,,,,49.7,49.6,2794.3,33092.2,26804.5,,
A10AE04,2019,101,135216,49.7,2794.3,33092.2,,,,,,,
A10AE04,2019,200,135216,0.2,10.9,,,,,,,,
A10AE04,2019,300,135216,,,,,,,,,49.9,2805.1
A10AE04,2019,100,189355,,,,7.4,7.4,278.9,3410.3,2485,,
A10AE04,2019,101,189355,7.4,278.9,3410.3,,,,,,,
A10AE04,2019,300,189355,,,,,,,,,7.4,278.9
A10AE04,2019,100,445705,,,,43.5,43.5,1467.8,17677,13574,,
A10AE04,2019,101,445705,43.5,1467.8,17677,,,,,,,
A10AE04,2019,200,445705,1.2,40.9,,,,,,,,
A10AE04,2019,300,445705,,,,,,,,,44.7,1508.7
A10AE04,2019,100,447357,,,,0.8,0.8,52.2,616.1,520.1,,
A10AE04,2019,101,447357,0.8,52.2,616.1,,,,,,,
A10AE04,2019,200,447357,0,0.9,,,,,,,,
A10AE04,2019,300,447357,,,,,,,,,0.8,53.1
A10AE04,2019,100,448060,,,,10.5,10.5,393.7,4818.6,3585.6,,
A10AE04,2019,101,448060,10.5,393.7,4818.6,,,,,,,
A10AE04,2019,200,448060,0.4,13.4,,,,,,,,
A10AE04,2019,300,448060,,,,,,,,,10.9,407.1
A10AE04,2019,100,547209,,,,2.7,2.7,101.3,931.6,654,,
A10AE04,2019,101,547209,2.7,101.3,931.6,,,,,,,
A10AE04,2019,200,547209,0.2,6,,,,,,,,
A10AE04,2019,300,547209,,,,,,,,,2.9,107.3
A10AE04,2019,100,591791,,,,0.7,0.7,26.7,324.2,243.4,,
A10AE04,2019,101,591791,0.7,26.7,324.2,,,,,,,
A10AE04,2019,300,591791,,,,,,,,,0.7,26.7
A10AE05,2019,100,015343,,,,44.2,44.2,1658.1,23601.4,18325,,
A10AE05,2019,101,015343,44.2,1658.1,23601.4,,,,,,,
A10AE05,2019,200,015343,0.5,19,,,,,,,,
A10AE05,2019,300,015343,,,,,,,,,44.7,1677.1
A10AE05,2019,100,015448,,,,2.5,2.5,93.3,1328.6,1007.1,,
A10AE05,2019,101,015448,2.5,93.3,1328.6,,,,,,,
A10AE05,2019,200,015448,0.1,2,,,,,,,,
A10AE05,2019,300,015448,,,,,,,,,2.5,95.3
A10AE06,2019,100,081016,,,,0,0,1.6,20.8,14.2,,
A10AE06,2019,101,081016,0,1.6,20.8,,,,,,,
A10AE06,2019,300,081016,,,,,,,,,0,1.6
A10AE06,2019,100,108109,,,,21.2,21.1,952,14700,12286.2,,
A10AE06,2019,101,108109,21.2,952,14700,,,,,,,
A10AE06,2019,200,108109,0,0.7,,,,,,,,
A10AE06,2019,300,108109,,,,,,,,,21.2,952.7
A10AE06,2019,100,110305,,,,53.5,53.5,2409,31785.1,26489.8,,
A10AE06,2019,101,110305,53.5,2409,31785.1,,,,,,,
A10AE06,2019,200,110305,0,0,,,,,,,,
A10AE06,2019,300,110305,,,,,,,,,53.5,2409
A10AE06,2019,100,174626,,,,20,19.9,898.5,15550.9,12560,,
A10AE06,2019,101,174626,20,898.5,15550.9,,,,,,,
A10AE06,2019,200,174626,0.2,9.1,,,,,,,,
A10AE06,2019,300,174626,,,,,,,,,20.2,907.6
A10AE06,2019,100,423795,,,,14.2,14.2,534.2,9278.5,6938.2,,
A10AE06,2019,101,423795,14.2,534.2,9278.5,,,,,,,
A10AE06,2019,200,423795,0.9,32.8,,,,,,,,
A10AE06,2019,300,423795,,,,,,,,,15.1,567
A10AE06,2019,100,445797,,,,18.1,18.1,678.8,11792.4,8899.7,,
A10AE06,2019,101,445797,18.1,678.8,11792.4,,,,,,,
A10AE06,2019,300,445797,,,,,,,,,18.1,678.8
A10AE06,2019,100,476551,,,,0.9,0.9,33.7,482.9,346,,
A10AE06,2019,101,476551,0.9,33.7,482.9,,,,,,,
A10AE06,2019,300,476551,,,,,,,,,0.9,33.7
A10AE06,2019,100,484846,,,,62.4,62.3,2340.4,40669.5,30310.1,,
A10AE06,2019,101,484846,62.4,2340.4,40669.5,,,,,,,
A10AE06,2019,200,484846,0.3,11.3,,,,,,,,
A10AE06,2019,300,484846,,,,,,,,,62.7,2351.7
A10AE06,2019,100,487592,,,,11.2,11.2,506.1,7090.3,5889.1,,
A10AE06,2019,101,487592,11.2,506.1,7090.3,,,,,,,
A10AE06,2019,200,487592,0.5,20.4,,,,,,,,
A10AE06,2019,300,487592,,,,,,,,,11.7,526.5
A10AE06,2019,100,518534,,,,1.1,1.1,40.1,696.8,471.3,,
A10AE06,2019,101,518534,1.1,40.1,696.8,,,,,,,
A10AE06,2019,200,518534,0,0.3,,,,,,,,
A10AE06,2019,300,518534,,,,,,,,,1.1,40.4
A10AE06,2019,100,554224,,,,0.5,0.5,18.6,263.5,188.5,,
A10AE06,2019,101,554224,0.5,18.6,263.5,,,,,,,
A10AE06,2019,300,554224,,,,,,,,,0.5,18.6
A10AE06,2019,100,569669,,,,0.7,0.7,25.2,351.6,255.7,,
A10AE06,2019,101,569669,0.7,25.2,351.6,,,,,,,
A10AE06,2019,300,569669,,,,,,,,,0.7,25.2
A10AE04,2020,100,004746,,,,1.3,1.3,50.2,702,521.2,,
A10AE04,2020,101,004746,1.3,50.2,702,,,,,,,
A10AE04,2020,200,004746,0,0.6,,,,,,,,
A10AE04,2020,300,004746,,,,,,,,,1.4,50.7
A10AE04,2020,100,026119,,,,74.9,74.8,2808.2,35964.8,27195.8,,
A10AE04,2020,101,026119,74.9,2808.2,35964.8,,,,,,,
A10AE04,2020,300,026119,,,,,,,,,74.9,2808.2
A10AE04,2020,100,061004,,,,14.3,14.3,537,7073.3,5316.1,,
A10AE04,2020,101,061004,14.3,537,7073.3,,,,,,,
A10AE04,2020,300,061004,,,,,,,,,14.3,537
A10AE04,2020,100,068267,,,,12.6,12.6,473.2,6108.9,4605.1,,
A10AE04,2020,101,068267,12.6,473.2,6108.9,,,,,,,
A10AE04,2020,200,068267,0,0.2,,,,,,,,
A10AE04,2020,300,068267,,,,,,,,,12.6,473.4
A10AE04,2020,100,080758,,,,8.5,8.5,317.6,3866.4,2888.8,,
A10AE04,2020,101,080758,8.5,317.6,3866.4,,,,,,,
A10AE04,2020,300,080758,,,,,,,,,8.5,317.6
A10AE04,2020,100,081996,,,,4.5,4.5,170.4,2387.6,1661,,
A10AE04,2020,101,081996,4.5,170.4,2387.6,,,,,,,
A10AE04,2020,200,081996,1.5,56.8,,,,,,,,
A10AE04,2020,300,081996,,,,,,,,,6.1,227.3
A10AE04,2020,100,135216,,,,48.5,48.5,2726.9,32206.4,25902,,
A10AE04,2020,101,135216,48.5,2726.9,32206.4,,,,,,,
A10AE04,2020,200,135216,0.7,36.6,,,,,,,,
A10AE04,2020,300,135216,,,,,,,,,49.1,2763.5
A10AE04,2020,100,181023,,,,0.2,0.2,8.7,73.9,50.1,,
A10AE04,2020,101,181023,0.2,8.7,73.9,,,,,,,
A10AE04,2020,200,181023,0,0.1,,,,,,,,
A10AE04,2020,300,181023,,,,,,,,,0.2,8.8
A10AE04,2020,100,189355,,,,5.2,5.2,195.6,2248.6,1671.1,,
A10AE04,2020,101,189355,5.2,195.6,2248.6,,,,,,,
A10AE04,2020,200,189355,0,0.3,,,,,,,,
A10AE04,2020,300,189355,,,,,,,,,5.2,195.9
A10AE04,2020,100,445705,,,,40.1,40.1,1352,16237.7,12374,,
A10AE04,2020,101,445705,40.1,1352,16237.7,,,,,,,
A10AE04,2020,200,445705,0.4,13.9,,,,,,,,
A10AE04,2020,300,445705,,,,,,,,,40.5,1365.9
A10AE04,2020,100,446008,,,,0.6,0.6,21.5,239.7,177.4,,
A10AE04,2020,101,446008,0.6,21.5,239.7,,,,,,,
A10AE04,2020,300,446008,,,,,,,,,0.6,21.5
A10AE04,2020,100,447357,,,,6.7,6.7,450,5291.7,4451.2,,
A10AE04,2020,101,447357,6.7,450,5291.7,,,,,,,
A10AE04,2020,200,447357,0,1.4,,,,,,,,
A10AE04,2020,300,447357,,,,,,,,,6.7,451.4
A10AE04,2020,100,448060,,,,4.8,4.8,181.2,2211.2,1619.3,,
A10AE04,2020,101,448060,4.8,181.2,2211.2,,,,,,,
A10AE04,2020,200,448060,0.1,5.6,,,,,,,,
A10AE04,2020,300,448060,,,,,,,,,5,186.8
A10AE04,2020,100,547209,,,,20.1,20.1,755.5,6411.7,4485.1,,
A10AE04,2020,101,547209,20.1,755.5,6411.7,,,,,,,
A10AE04,2020,200,547209,1.6,59.9,,,,,,,,
A10AE04,2020,300,547209,,,,,,,,,21.7,815.3
A10AE04,2020,100,591791,,,,6.8,6.8,254.1,2983,2217.3,,
A10AE04,2020,101,591791,6.8,254.1,2983,,,,,,,
A10AE04,2020,200,591791,0,0.1,,,,,,,,
A10AE04,2020,300,591791,,,,,,,,,6.8,254.2
A10AE05,2020,100,015343,,,,35.6,35.6,1335.8,18961.5,14720.6,,
A10AE05,2020,101,015343,35.6,1335.8,18961.5,,,,,,,
A10AE05,2020,200,015343,0.5,17.8,,,,,,,,
A10AE05,2020,300,015343,,,,,,,,,36.1,1353.6
A10AE05,2020,100,015448,,,,2.2,2.2,81.2,1152.9,860.5,,
A10AE05,2020,101,015448,2.2,81.2,1152.9,,,,,,,
A10AE05,2020,200,015448,0,1.7,,,,,,,,
A10AE05,2020,300,015448,,,,,,,,,2.2,82.9
A10AE06,2020,100,081016,,,,0.1,0.1,5.3,59.2,42.6,,
A10AE06,2020,101,081016,0.1,5.3,59.2,,,,,,,
A10AE06,2020,300,081016,,,,,,,,,0.1,5.3
A10AE06,2020,100,108109,,,,29.4,29.4,1321.7,18731.7,15528.8,,
A10AE06,2020,101,108109,29.4,1321.7,18731.7,,,,,,,
A10AE06,2020,200,108109,0,0.4,,,,,,,,
A10AE06,2020,300,108109,,,,,,,,,29.4,1322.1
A10AE06,2020,100,110305,,,,50.9,50.9,2290.5,32216.3,26690.2,,
A10AE06,2020,101,110305,50.9,2290.5,32216.3,,,,,,,
A10AE06,2020,200,110305,0,0.1,,,,,,,,
A10AE06,2020,300,110305,,,,,,,,,50.9,2290.6
A10AE06,2020,100,161130,,,,2.6,2.6,117.4,1706.4,1421,,
A10AE06,2020,101,161130,2.6,117.4,1706.4,,,,,,,
A10AE06,2020,300,161130,,,,,,,,,2.6,117.4
A10AE06,2020,100,174626,,,,12.5,12.5,562.2,9699.1,7785.8,,
A10AE06,2020,101,174626,12.5,562.2,9699.1,,,,,,,
A10AE06,2020,200,174626,0,0.1,,,,,,,,
A10AE06,2020,300,174626,,,,,,,,,12.5,562.3
A10AE06,2020,100,423795,,,,33.4,33.4,1252.5,21229.8,15802,,
A10AE06,2020,101,423795,33.4,1252.5,21229.8,,,,,,,
A10AE06,2020,200,423795,1.2,46.4,,,,,,,,
A10AE06,2020,300,423795,,,,,,,,,34.6,1298.9
A10AE06,2020,100,445797,,,,28.3,28.3,1062.4,17916.2,13367.6,,
A10AE06,2020,101,445797,28.3,1062.4,17916.2,,,,,,,
A10AE06,2020,300,445797,,,,,,,,,28.3,1062.4
A10AE06,2020,100,476551,,,,1.5,1.5,56.5,653.7,461.8,,
A10AE06,2020,101,476551,1.5,56.5,653.7,,,,,,,
A10AE06,2020,200,476551,0,0.1,,,,,,,,
A10AE06,2020,300,476551,,,,,,,,,1.5,56.6
A10AE06,2020,100,477886,,,,3.3,3.3,123.4,2112.1,1596.2,,
A10AE06,2020,101,477886,3.3,123.4,2112.1,,,,,,,
A10AE06,2020,300,477886,,,,,,,,,3.3,123.4
A10AE06,2020,100,484846,,,,37.2,37.2,1396.1,24194.6,17898.3,,
A10AE06,2020,101,484846,37.2,1396.1,24194.6,,,,,,,
A10AE06,2020,200,484846,0,0.2,,,,,,,,
A10AE06,2020,300,484846,,,,,,,,,37.2,1396.3
A10AE06,2020,100,487592,,,,13.7,13.7,616.4,8850.9,7357.6,,
A10AE06,2020,101,487592,13.7,616.4,8850.9,,,,,,,
A10AE06,2020,200,487592,0.6,29,,,,,,,,
A10AE06,2020,300,487592,,,,,,,,,14.3,645.4
A10AE06,2020,100,518534,,,,0.3,0.3,12.9,224,117.4,,
A10AE06,2020,101,518534,0.3,12.9,224,,,,,,,
A10AE06,2020,200,518534,0,0.2,,,,,,,,
A10AE06,2020,300,518534,,,,,,,,,0.4,13.1
A10AE06,2020,100,554224,,,,1.2,1.2,46.7,607,437.3,,
A10AE06,2020,101,554224,1.2,46.7,607,,,,,,,
A10AE06,2020,300,554224,,,,,,,,,1.2,46.7
A10AE06,2020,100,555962,,,,0.7,0.7,60,820.3,713,,
A10AE06,2020,101,555962,0.7,60,820.3,,,,,,,
A10AE06,2020,300,555962,,,,,,,,,0.7,60
A10AE06,2020,100,569669,,,,0.1,0.1,2.7,33.4,22.5,,
A10AE06,2020,101,569669,0.1,2.7,33.4,,,,,,,
A10AE06,2020,300,569669,,,,,,,,,0.1,2.7
A10AE04,2021,100,004746,,,,1.1,1.1,40.8,425.7,306.9,,
A10AE04,2021,101,004746,1.1,40.8,425.7,,,,,,,
A10AE04,2021,200,004746,0,0.8,,,,,,,,
A10AE04,2021,300,004746,,,,,,,,,1.1,41.6
A10AE04,2021,100,026119,,,,10.5,10.5,392.8,4775.4,3491.9,,
A10AE04,2021,101,026119,10.5,392.8,4775.4,,,,,,,
A10AE04,2021,200,026119,0,0,,,,,,,,
A10AE04,2021,300,026119,,,,,,,,,10.5,392.8
A10AE04,2021,100,027582,,,,6.9,6.9,386.3,4387.4,3487.6,,
A10AE04,2021,101,027582,6.9,386.3,4387.4,,,,,,,
A10AE04,2021,300,027582,,,,,,,,,6.9,386.3
A10AE04,2021,100,061004,,,,2.3,2.3,87.3,1039.3,753.9,,
A10AE04,2021,101,061004,2.3,87.3,1039.3,,,,,,,
A10AE04,2021,200,061004,0,0.3,,,,,,,,
A10AE04,2021,300,061004,,,,,,,,,2.3,87.5
A10AE04,2021,100,068267,,,,1.5,1.5,56.7,626,437.9,,
A10AE04,2021,101,068267,1.5,56.7,626,,,,,,,
A10AE04,2021,300,068267,,,,,,,,,1.5,56.7
A10AE04,2021,100,080758,,,,7.1,7.1,265.8,3216.3,2386.7,,
A10AE04,2021,101,080758,7.1,265.8,3216.3,,,,,,,
A10AE04,2021,200,080758,0,1.4,,,,,,,,
A10AE04,2021,300,080758,,,,,,,,,7.1,267.2
A10AE04,2021,100,081996,,,,78.3,78.2,2935.6,28468.8,21074.2,,
A10AE04,2021,101,081996,78.3,2935.6,28468.8,,,,,,,
A10AE04,2021,200,081996,0.2,7.8,,,,,,,,
A10AE04,2021,300,081996,,,,,,,,,78.5,2943.4
A10AE04,2021,100,105454,,,,2.6,2.6,144.9,1660.6,1316.9,,
A10AE04,2021,101,105454,2.6,144.9,1660.6,,,,,,,
A10AE04,2021,300,105454,,,,,,,,,2.6,144.9
A10AE04,2021,100,114054,,,,0.5,0.5,15.5,194.2,138.3,,
A10AE04,2021,101,114054,0.5,15.5,194.2,,,,,,,
A10AE04,2021,300,114054,,,,,,,,,0.5,15.5
A10AE04,2021,100,135216,,,,20.8,20.8,1169.7,13778.3,10890.1,,
A10AE04,2021,101,135216,20.8,1169.7,13778.3,,,,,,,
A10AE04,2021,200,135216,0.8,43.3,,,,,,,,
A10AE04,2021,300,135216,,,,,,,,,21.6,1213
A10AE04,2021,100,168321,,,,0.8,0.8,47.5,540.5,425.5,,
A10AE04,2021,101,168321,0.8,47.5,540.5,,,,,,,
A10AE04,2021,300,168321,,,,,,,,,0.8,47.5
A10AE04,2021,100,189355,,,,3.5,3.5,130.7,1487.4,1100.8,,
A10AE04,2021,101,189355,3.5,130.7,1487.4,,,,,,,
A10AE04,2021,200,189355,0,0,,,,,,,,
A10AE04,2021,300,189355,,,,,,,,,3.5,130.7
A10AE04,2021,100,413834,,,,13.3,13.3,745.8,8729.9,6982.1,,
A10AE04,2021,101,413834,13.3,745.8,8729.9,,,,,,,
A10AE04,2021,300,413834,,,,,,,,,13.3,745.8
A10AE04,2021,100,435954,,,,0.3,0.3,17.7,203.2,167.9,,
A10AE04,2021,101,435954,0.3,17.7,203.2,,,,,,,
A10AE04,2021,300,435954,,,,,,,,,0.3,17.7
A10AE04,2021,100,445705,,,,35.4,35.4,1193.6,14297.2,10876.9,,
A10AE04,2021,101,445705,35.4,1193.6,14297.2,,,,,,,
A10AE04,2021,200,445705,0.1,1.9,,,,,,,,
A10AE04,2021,300,445705,,,,,,,,,35.4,1195.5
A10AE04,2021,100,446008,,,,1.5,1.5,57.5,669.5,487.7,,
A10AE04,2021,101,446008,1.5,57.5,669.5,,,,,,,
A10AE04,2021,200,446008,0,0,,,,,,,,
A10AE04,2021,300,446008,,,,,,,,,1.5,57.6
A10AE04,2021,100,447357,,,,4.4,4.4,295.3,3463.9,2881.8,,
A10AE04,2021,101,447357,4.4,295.3,3463.9,,,,,,,
A10AE04,2021,200,447357,0,1.2,,,,,,,,
A10AE04,2021,300,447357,,,,,,,,,4.4,296.5
A10AE04,2021,100,448060,,,,1.4,1.4,51.6,628.6,445.8,,
A10AE04,2021,101,448060,1.4,51.6,628.6,,,,,,,
A10AE04,2021,200,448060,0,0.6,,,,,,,,
A10AE04,2021,300,448060,,,,,,,,,1.4,52.3
A10AE04,2021,100,458245,,,,1.9,1.9,129.3,1499.7,1253.1,,
A10AE04,2021,101,458245,1.9,129.3,1499.7,,,,,,,
A10AE04,2021,300,458245,,,,,,,,,1.9,129.3
A10AE04,2021,100,516041,,,,4.4,4.4,297.6,3435.2,2855.2,,
A10AE04,2021,101,516041,4.4,297.6,3435.2,,,,,,,
A10AE04,2021,300,516041,,,,,,,,,4.4,297.6
A10AE04,2021,100,547209,,,,47,46.9,1761.5,14911.9,10471.9,,
A10AE04,2021,101,547209,47,1761.5,14911.9,,,,,,,
A10AE04,2021,200,547209,3.5,132.2,,,,,,,,
A10AE04,2021,300,547209,,,,,,,,,50.5,1893.6
A10AE04,2021,100,591791,,,,8.2,8.1,306,3568.1,2653.9,,
A10AE04,2021,101,591791,8.2,306,3568.1,,,,,,,
A10AE04,2021,200,591791,0,0,,,,,,,,
A10AE04,2021,300,591791,,,,,,,,,8.2,306.1
A10AE05,2021,100,015343,,,,20.4,20.4,763.6,10760.3,8282.4,,
A10AE05,2021,101,015343,20.4,763.6,10760.3,,,,,,,
A10AE05,2021,200,015343,0.5,19.3,,,,,,,,
A10AE05,2021,300,015343,,,,,,,,,20.9,782.9
A10AE05,2021,100,015448,,,,2,2,74.5,1050.4,776,,
A10AE05,2021,101,015448,2,74.5,1050.4,,,,,,,
A10AE05,2021,200,015448,0.1,2.3,,,,,,,,
A10AE05,2021,300,015448,,,,,,,,,2,76.8
A10AE05,2021,100,092851,,,,4,4,150.4,2111.7,1613.1,,
A10AE05,2021,101,092851,4,150.4,2111.7,,,,,,,
A10AE05,2021,300,092851,,,,,,,,,4,150.4
A10AE05,2021,100,492582,,,,4.2,4.2,157.4,2212.6,1701.1,,
A10AE05,2021,101,492582,4.2,157.4,2212.6,,,,,,,
A10AE05,2021,300,492582,,,,,,,,,4.2,157.4
A10AE06,2021,100,081016,,,,0.5,0.5,18.3,258,185.9,,
A10AE06,2021,101,081016,0.5,18.3,258,,,,,,,
A10AE06,2021,300,081016,,,,,,,,,0.5,18.3
A10AE06,2021,100,108109,,,,23.7,23.7,1066.8,14786.5,12220,,
A10AE06,2021,101,108109,23.7,1066.8,14786.5,,,,,,,
A10AE06,2021,200,108109,0.1,6.4,,,,,,,,
A10AE06,2021,300,108109,,,,,,,,,23.8,1073.2
A10AE06,2021,100,110305,,,,51.3,51.3,2309.7,33488.7,27701.6,,
A10AE06,2021,101,110305,51.3,2309.7,33488.7,,,,,,,
A10AE06,2021,200,110305,0,0.5,,,,,,,,
A10AE06,2021,300,110305,,,,,,,,,51.3,2310.2
A10AE06,2021,100,161130,,,,15,15,673.3,9521.3,7897.4,,
A10AE06,2021,101,161130,15,673.3,9521.3,,,,,,,
A10AE06,2021,200,161130,0,0,,,,,,,,
A10AE06,2021,300,161130,,,,,,,,,15,673.3
A10AE06,2021,100,174626,,,,4.8,4.8,215.9,3429,2545.5,,
A10AE06,2021,101,174626,4.8,215.9,3429,,,,,,,
A10AE06,2021,200,174626,0,0.1,,,,,,,,
A10AE06,2021,300,174626,,,,,,,,,4.8,216
A10AE06,2021,100,198485,,,,16,16,600.5,9885.9,7305.5,,
A10AE06,2021,101,198485,16,600.5,9885.9,,,,,,,
A10AE06,2021,300,198485,,,,,,,,,16,600.5
A10AE06,2021,100,403692,,,,3.4,3.4,152,2227.4,1869,,
A10AE06,2021,101,403692,3.4,152,2227.4,,,,,,,
A10AE06,2021,300,403692,,,,,,,,,3.4,152
A10AE06,2021,100,423795,,,,7,7,263.8,4539.9,3343,,
A10AE06,2021,101,423795,7,263.8,4539.9,,,,,,,
A10AE06,2021,200,423795,1.2,46.3,,,,,,,,
A10AE06,2021,300,423795,,,,,,,,,8.3,310.1
A10AE06,2021,100,445797,,,,58,57.9,2173.5,35894.7,26638,,
A10AE06,2021,101,445797,58,2173.5,35894.7,,,,,,,
A10AE06,2021,200,445797,0,0.2,,,,,,,,
A10AE06,2021,300,445797,,,,,,,,,58,2173.7
A10AE06,2021,100,476551,,,,0.7,0.7,28.1,450.1,318.7,,
A10AE06,2021,101,476551,0.7,28.1,450.1,,,,,,,
A10AE06,2021,300,476551,,,,,,,,,0.7,28.1
A10AE06,2021,100,477886,,,,10.2,10.2,381.5,6505.4,4769.6,,
A10AE06,2021,101,477886,10.2,381.5,6505.4,,,,,,,
A10AE06,2021,300,477886,,,,,,,,,10.2,381.5
A10AE06,2021,100,484846,,,,14.9,14.9,558.8,9395.5,6776.1,,
A10AE06,2021,101,484846,14.9,558.8,9395.5,,,,,,,
A10AE06,2021,300,484846,,,,,,,,,14.9,558.8
A10AE06,2021,100,487592,,,,9.3,9.3,416.7,6002,4957.2,,
A10AE06,2021,101,487592,9.3,416.7,6002,,,,,,,
A10AE06,2021,200,487592,0.3,12.1,,,,,,,,
A10AE06,2021,300,487592,,,,,,,,,9.5,428.8
A10AE06,2021,100,518534,,,,1.1,1.1,42,715.8,489.8,,
A10AE06,2021,101,518534,1.1,42,715.8,,,,,,,
A10AE06,2021,200,518534,0,0.3,,,,,,,,
A10AE06,2021,300,518534,,,,,,,,,1.1,42.3
A10AE06,2021,100,554224,,,,1.4,1.4,52.4,706.7,509.1,,
A10AE06,2021,101,554224,1.4,52.4,706.7,,,,,,,
A10AE06,2021,300,554224,,,,,,,,,1.4,52.4
A10AE06,2021,100,555962,,,,2,2,178.7,2484.9,2128.2,,
A10AE06,2021,101,555962,2,178.7,2484.9,,,,,,,
A10AE06,2021,200,555962,0.2,14.9,,,,,,,,
A10AE06,2021,300,555962,,,,,,,,,2.2,193.6
A10AE04,2022,100,004746,,,,1,1,36.2,350.1,243.3,,
A10AE04,2022,101,004746,1,36.2,350.1,,,,,,,
A10AE04,2022,200,004746,0,0.8,,,,,,,,
A10AE04,2022,300,004746,,,,,,,,,1,37
A10AE04,2022,100,026119,,,,0.2,0.2,9,85.4,60.6,,
A10AE04,2022,101,026119,0.2,9,85.4,,,,,,,
A10AE04,2022,300,026119,,,,,,,,,0.2,9
A10AE04,2022,100,027582,,,,4.8,4.8,269.9,2793.4,2222.1,,
A10AE04,2022,101,027582,4.8,269.9,2793.4,,,,,,,
A10AE04,2022,300,027582,,,,,,,,,4.8,269.9
A10AE04,2022,100,061004,,,,3,3,112.5,1069,782.8,,
A10AE04,2022,101,061004,3,112.5,1069,,,,,,,
A10AE04,2022,200,061004,0,0.1,,,,,,,,
A10AE04,2022,300,061004,,,,,,,,,3,112.6
A10AE04,2022,100,068267,,,,9,9,336.3,3110.1,2281.7,,
A10AE04,2022,101,068267,9,336.3,3110.1,,,,,,,
A10AE04,2022,200,068267,0,0.1,,,,,,,,
A10AE04,2022,300,068267,,,,,,,,,9,336.3
A10AE04,2022,100,080758,,,,0.6,0.6,22.7,225.2,162.4,,
A10AE04,2022,101,080758,0.6,22.7,225.2,,,,,,,
A10AE04,2022,200,080758,0.1,2.8,,,,,,,,
A10AE04,2022,300,080758,,,,,,,,,0.7,25.5
A10AE04,2022,100,081996,,,,78.7,78.6,2951.8,28561.1,20967.8,,
A10AE04,2022,101,081996,78.7,2951.8,28561.1,,,,,,,
A10AE04,2022,200,081996,0.1,2.4,,,,,,,,
A10AE04,2022,300,081996,,,,,,,,,78.8,2954.2
A10AE04,2022,100,105454,,,,2.5,2.5,140.9,1471.7,1139.6,,
A10AE04,2022,101,105454,2.5,140.9,1471.7,,,,,,,
A10AE04,2022,300,105454,,,,,,,,,2.5,140.9
A10AE04,2022,100,114054,,,,0.7,0.7,23.8,265.7,188.9,,
A10AE04,2022,101,114054,0.7,23.8,265.7,,,,,,,
A10AE04,2022,300,114054,,,,,,,,,0.7,23.8
A10AE04,2022,100,135216,,,,29.6,29.3,1666,16942.3,13213.9,,
A10AE04,2022,101,135216,29.6,1666,16942.3,,,,,,,
A10AE04,2022,200,135216,0.7,40.1,,,,,,,,
A10AE04,2022,300,135216,,,,,,,,,30.3,1706.1
A10AE04,2022,100,168321,,,,0.9,0.9,48.7,524.8,406.4,,
A10AE04,2022,101,168321,0.9,48.7,524.8,,,,,,,
A10AE04,2022,300,168321,,,,,,,,,0.9,48.7
A10AE04,2022,100,189355,,,,2.2,2,80.6,960.4,660.6,,
A10AE04,2022,101,189355,2.2,80.6,960.4,,,,,,,
A10AE04,2022,200,189355,0,0,,,,,,,,
A10AE04,2022,300,189355,,,,,,,,,2.2,80.7
A10AE04,2022,100,413834,,,,3.5,3.4,195.3,2118.6,1639.1,,
A10AE04,2022,101,413834,3.5,195.3,2118.6,,,,,,,
A10AE04,2022,300,413834,,,,,,,,,3.5,195.3
A10AE04,2022,100,435954,,,,0.5,0.5,34.2,390.6,316.6,,
A10AE04,2022,101,435954,0.5,34.2,390.6,,,,,,,
A10AE04,2022,300,435954,,,,,,,,,0.5,34.2
A10AE04,2022,100,445705,,,,32.1,31.6,1081.9,11350.9,8437.3,,
A10AE04,2022,101,445705,32.1,1081.9,11350.9,,,,,,,
A10AE04,2022,200,445705,0.1,2.8,,,,,,,,
A10AE04,2022,300,445705,,,,,,,,,32.1,1084.7
A10AE04,2022,100,446008,,,,1.4,1.2,54.2,635.2,379.5,,
A10AE04,2022,101,446008,1.4,54.2,635.2,,,,,,,
A10AE04,2022,300,446008,,,,,,,,,1.4,54.2
A10AE04,2022,100,447357,,,,10.6,10.5,712.8,7243.4,5981.9,,
A10AE04,2022,101,447357,10.6,712.8,7243.4,,,,,,,
A10AE04,2022,200,447357,0,1.8,,,,,,,,
A10AE04,2022,300,447357,,,,,,,,,10.6,714.6
A10AE04,2022,100,448060,,,,0.9,0.9,35.2,428.5,301,,
A10AE04,2022,101,448060,0.9,35.2,428.5,,,,,,,
A10AE04,2022,200,448060,0,0.2,,,,,,,,
A10AE04,2022,300,448060,,,,,,,,,0.9,35.4
A10AE04,2022,100,458245,,,,1.2,1.2,79,900.5,744.2,,
A10AE04,2022,101,458245,1.2,79,900.5,,,,,,,
A10AE04,2022,200,458245,0,0.1,,,,,,,,
A10AE04,2022,300,458245,,,,,,,,,1.2,79.1
A10AE04,2022,100,516041,,,,0.4,0.4,25.1,269.6,223,,
A10AE04,2022,101,516041,0.4,25.1,269.6,,,,,,,
A10AE04,2022,300,516041,,,,,,,,,0.4,25.1
A10AE04,2022,100,547209,,,,73.7,73.6,2763.6,23412.7,16621.9,,
A10AE04,2022,101,547209,73.7,2763.6,23412.7,,,,,,,
A10AE04,2022,200,547209,3.7,139.7,,,,,,,,
A10AE04,2022,300,547209,,,,,,,,,77.4,2903.3
A10AE04,2022,100,591791,,,,4.8,4.6,179.2,2124.7,1523.5,,
A10AE04,2022,101,591791,4.8,179.2,2124.7,,,,,,,
A10AE04,2022,200,591791,0,0.1,,,,,,,,
A10AE04,2022,300,591791,,,,,,,,,4.8,179.3
A10AE05,2022,100,015343,,,,12.3,12.3,461,4461.4,3356.5,,
A10AE05,2022,101,015343,12.3,461,4461.4,,,,,,,
A10AE05,2022,200,015343,0.2,7.8,,,,,,,,
A10AE05,2022,300,015343,,,,,,,,,12.5,468.9
A10AE05,2022,100,015448,,,,2.1,2.1,79.9,773.1,539.2,,
A10AE05,2022,101,015448,2.1,79.9,773.1,,,,,,,
A10AE05,2022,200,015448,0.1,2.4,,,,,,,,
A10AE05,2022,300,015448,,,,,,,,,2.2,82.3
A10AE05,2022,100,092851,,,,2.7,2.7,100,1206.7,904.8,,
A10AE05,2022,101,092851,2.7,100,1206.7,,,,,,,
A10AE05,2022,200,092851,0,0.1,,,,,,,,
A10AE05,2022,300,092851,,,,,,,,,2.7,100.1
A10AE05,2022,100,476304,,,,31.4,30.4,235.7,2703.1,1978.5,,
A10AE05,2022,101,476304,31.4,235.7,2703.1,,,,,,,
A10AE05,2022,200,476304,0.3,2.5,,,,,,,,
A10AE05,2022,300,476304,,,,,,,,,31.8,238.2
A10AE05,2022,100,492582,,,,0.5,0.5,17.9,246.5,179.2,,
A10AE05,2022,101,492582,0.5,17.9,246.5,,,,,,,
A10AE05,2022,200,492582,0,0.1,,,,,,,,
A10AE05,2022,300,492582,,,,,,,,,0.5,18
A10AE06,2022,100,081016,,,,0.4,0.4,15.2,181.4,128.7,,
A10AE06,2022,101,081016,0.4,15.2,181.4,,,,,,,
A10AE06,2022,300,081016,,,,,,,,,0.4,15.2
A10AE06,2022,100,108109,,,,2.6,2.6,118.5,1496.4,1179.3,,
A10AE06,2022,101,108109,2.6,118.5,1496.4,,,,,,,
A10AE06,2022,200,108109,0.2,6.8,,,,,,,,
A10AE06,2022,300,108109,,,,,,,,,2.8,125.2
A10AE06,2022,100,110305,,,,2.2,2.2,99.7,1291.4,993.3,,
A10AE06,2022,101,110305,2.2,99.7,1291.4,,,,,,,
A10AE06,2022,200,110305,0,0,,,,,,,,
A10AE06,2022,300,110305,,,,,,,,,2.2,99.8
A10AE06,2022,100,161130,,,,6.7,6.7,302.4,3711.6,3042.3,,
A10AE06,2022,101,161130,6.7,302.4,3711.6,,,,,,,
A10AE06,2022,200,161130,0,0.2,,,,,,,,
A10AE06,2022,300,161130,,,,,,,,,6.7,302.6
A10AE06,2022,100,174626,,,,82.7,82,3723,45495.9,37214.6,,
A10AE06,2022,101,174626,82.7,3723,45495.9,,,,,,,
A10AE06,2022,200,174626,0,1.1,,,,,,,,
A10AE06,2022,300,174626,,,,,,,,,82.8,3724.1
A10AE06,2022,100,198485,,,,5.4,5.1,204,2545,1697.2,,
A10AE06,2022,101,198485,5.4,204,2545,,,,,,,
A10AE06,2022,200,198485,0,0.8,,,,,,,,
A10AE06,2022,300,198485,,,,,,,,,5.5,204.8
A10AE06,2022,100,399152,,,,0.1,0.1,4.1,63,53.5,,
A10AE06,2022,101,399152,0.1,4.1,63,,,,,,,
A10AE06,2022,300,399152,,,,,,,,,0.1,4.1
A10AE06,2022,100,403692,,,,1.1,1.1,51.5,643.5,515.8,,
A10AE06,2022,101,403692,1.1,51.5,643.5,,,,,,,
A10AE06,2022,300,403692,,,,,,,,,1.1,51.5
A10AE06,2022,100,423795,,,,2.9,2.9,110.1,1355,949.2,,
A10AE06,2022,101,423795,2.9,110.1,1355,,,,,,,
A10AE06,2022,200,423795,1.1,41.1,,,,,,,,
A10AE06,2022,300,423795,,,,,,,,,4,151.2
A10AE06,2022,100,433751,,,,1.9,1.9,174.7,2777.7,2376.6,,
A10AE06,2022,101,433751,1.9,174.7,2777.7,,,,,,,
A10AE06,2022,200,433751,0,2.1,,,,,,,,
A10AE06,2022,300,433751,,,,,,,,,2,176.8
A10AE06,2022,100,445797,,,,1.4,1.4,53.4,724.6,466.7,,
A10AE06,2022,101,445797,1.4,53.4,724.6,,,,,,,
A10AE06,2022,300,445797,,,,,,,,,1.4,53.4
A10AE06,2022,100,466152,,,,0.1,0.1,10.3,161.4,138.6,,
A10AE06,2022,101,466152,0.1,10.3,161.4,,,,,,,
A10AE06,2022,200,466152,0,0.5,,,,,,,,
A10AE06,2022,300,466152,,,,,,,,,0.1,10.7
A10AE06,2022,100,476551,,,,0.7,0.7,26.4,313.2,210.3,,
A10AE06,2022,101,476551,0.7,26.4,313.2,,,,,,,
A10AE06,2022,300,476551,,,,,,,,,0.7,26.4
A10AE06,2022,100,477886,,,,3.9,3.9,145.2,1816.4,1269.1,,
A10AE06,2022,101,477886,3.9,145.2,1816.4,,,,,,,
A10AE06,2022,300,477886,,,,,,,,,3.9,145.2
A10AE06,2022,100,484846,,,,93.3,91.8,3498.9,43020.2,30430.8,,
A10AE06,2022,101,484846,93.3,3498.9,43020.2,,,,,,,
A10AE06,2022,200,484846,0.1,3,,,,,,,,
A10AE06,2022,300,484846,,,,,,,,,93.4,3501.9
A10AE06,2022,100,487592,,,,8.5,8.5,383.3,4673,3855.8,,
A10AE06,2022,101,487592,8.5,383.3,4673,,,,,,,
A10AE06,2022,200,487592,0,0.1,,,,,,,,
A10AE06,2022,300,487592,,,,,,,,,8.5,383.4
A10AE06,2022,100,518534,,,,4.2,4.1,157.8,1871.6,1299.8,,
A10AE06,2022,101,518534,4.2,157.8,1871.6,,,,,,,
A10AE06,2022,200,518534,0,0.3,,,,,,,,
A10AE06,2022,300,518534,,,,,,,,,4.2,158
A10AE06,2022,100,554224,,,,0.3,0.3,10.7,129.3,84.5,,
A10AE06,2022,101,554224,0.3,10.7,129.3,,,,,,,
A10AE06,2022,300,554224,,,,,,,,,0.3,10.7
A10AE06,2022,100,555962,,,,0.5,0.5,45.8,732.7,619.5,,
A10AE06,2022,101,555962,0.5,45.8,732.7,,,,,,,
A10AE06,2022,200,555962,0.3,24.1,,,,,,,,
A10AE06,2022,300,555962,,,,,,,,,0.8,69.9
A10AE06,2022,100,583528,,,,0.1,0.1,12.5,198.5,168.5,,
A10AE06,2022,101,583528,0.1,12.5,198.5,,,,,,,
A10AE06,2022,300,583528,,,,,,,,,0.1,12.5
A10AE04,2023,100,004746,,,,0.9,0.9,33.8,325.3,225.8,,
A10AE04,2023,101,004746,0.9,33.8,325.3,,,,,,,
A10AE04,2023,200,004746,0,0.3,,,,,,,,
A10AE04,2023,300,004746,,,,,,,,,0.9,34.1
A10AE04,2023,100,027582,,,,0.1,0.1,5.1,54.6,42.6,,
A10AE04,2023,101,027582,0.1,5.1,54.6,,,,,,,
A10AE04,2023,300,027582,,,,,,,,,0.1,5.1
A10AE04,2023,100,080758,,,,0,0,1,9.8,7.5,,
A10AE04,2023,101,080758,0,1,9.8,,,,,,,
A10AE04,2023,300,080758,,,,,,,,,0,1
A10AE04,2023,100,081996,,,,77.5,77.5,2906.8,27959.6,21185.8,,
A10AE04,2023,101,081996,77.5,2906.8,27959.6,,,,,,,
A10AE04,2023,200,081996,0.1,3.1,,,,,,,,
A10AE04,2023,300,081996,,,,,,,,,77.6,2909.9
A10AE04,2023,100,105454,,,,0.1,0.1,7.5,77.7,56.2,,
A10AE04,2023,101,105454,0.1,7.5,77.7,,,,,,,
A10AE04,2023,300,105454,,,,,,,,,0.1,7.5
A10AE04,2023,100,114054,,,,0,0,0.7,7.1,5.2,,
A10AE04,2023,101,114054,0,0.7,7.1,,,,,,,
A10AE04,2023,300,114054,,,,,,,,,0,0.7
A10AE04,2023,100,135216,,,,27,26.7,1516.5,15277.3,12224.8,,
A10AE04,2023,101,135216,27,1516.5,15277.3,,,,,,,
A10AE04,2023,200,135216,0.7,39.5,,,,,,,,
A10AE04,2023,300,135216,,,,,,,,,27.7,1556
A10AE04,2023,100,168321,,,,0.1,0.1,3.9,43,30.4,,
A10AE04,2023,101,168321,0.1,3.9,43,,,,,,,
A10AE04,2023,300,168321,,,,,,,,,0.1,3.9
A10AE04,2023,100,189355,,,,0,0,1.2,12.6,0,,
A10AE04,2023,101,189355,0,1.2,12.6,,,,,,,
A10AE04,2023,300,189355,,,,,,,,,0,1.2
A10AE04,2023,100,413834,,,,0.3,0.3,14.8,149.9,116.2,,
A10AE04,2023,101,413834,0.3,14.8,149.9,,,,,,,
A10AE04,2023,300,413834,,,,,,,,,0.3,14.8
A10AE04,2023,100,445705,,,,42.9,42.3,1448.8,14895.9,11635.2,,
A10AE04,2023,101,445705,42.9,1448.8,14895.9,,,,,,,
A10AE04,2023,200,445705,0.1,2.3,,,,,,,,
A10AE04,2023,300,445705,,,,,,,,,43,1451
A10AE04,2023,100,446008,,,,0.2,0,7.4,69.9,5.9,,
A10AE04,2023,101,446008,0.2,7.4,69.9,,,,,,,
A10AE04,2023,300,446008,,,,,,,,,0.2,7.4
A10AE04,2023,100,447357,,,,15,14.9,1009.2,10121.5,8688.1,,
A10AE04,2023,101,447357,15,1009.2,10121.5,,,,,,,
A10AE04,2023,200,447357,0,1.5,,,,,,,,
A10AE04,2023,300,447357,,,,,,,,,15,1010.7
A10AE04,2023,100,448060,,,,0.4,0,14.4,173.9,15,,
A10AE04,2023,101,448060,0.4,14.4,173.9,,,,,,,
A10AE04,2023,200,448060,0,0.1,,,,,,,,
A10AE04,2023,300,448060,,,,,,,,,0.4,14.5
A10AE04,2023,100,458245,,,,0,0,0.9,9.5,8.6,,
A10AE04,2023,101,458245,0,0.9,9.5,,,,,,,
A10AE04,2023,200,458245,0,0.1,,,,,,,,
A10AE04,2023,300,458245,,,,,,,,,0,1
A10AE04,2023,100,547209,,,,111.7,111.6,4190.6,35286.1,25947.4,,
A10AE04,2023,101,547209,111.7,4190.6,35286.1,,,,,,,
A10AE04,2023,200,547209,4.3,162.7,,,,,,,,
A10AE04,2023,300,547209,,,,,,,,,116.1,4353.2
A10AE04,2023,100,591791,,,,0.6,0.1,20.7,246.6,21.7,,
A10AE04,2023,101,591791,0.6,20.7,246.6,,,,,,,
A10AE04,2023,300,591791,,,,,,,,,0.6,20.7
A10AE05,2023,100,015343,,,,0,0,0.2,1.8,1.3,,
A10AE05,2023,101,015343,0,0.2,1.8,,,,,,,
A10AE05,2023,200,015343,0,0.1,,,,,,,,
A10AE05,2023,300,015343,,,,,,,,,0,0.3
A10AE05,2023,100,015448,,,,1.7,1.6,63.4,609.5,406.6,,
A10AE05,2023,101,015448,1.7,63.4,609.5,,,,,,,
A10AE05,2023,200,015448,0,1.4,,,,,,,,
A10AE05,2023,300,015448,,,,,,,,,1.7,64.7
A10AE05,2023,100,092851,,,,0,0,0,0.7,0,,
A10AE05,2023,101,092851,0,0,0.7,,,,,,,
A10AE05,2023,300,092851,,,,,,,,,0,0
A10AE05,2023,100,476304,,,,76.5,75.4,574.1,6552,4983,,
A10AE05,2023,101,476304,76.5,574.1,6552,,,,,,,
A10AE05,2023,200,476304,0.9,6.7,,,,,,,,
A10AE05,2023,300,476304,,,,,,,,,77.4,580.8
A10AE05,2023,100,492582,,,,0.9,0.9,33.8,696.4,576.3,,
A10AE05,2023,101,492582,0.9,33.8,696.4,,,,,,,
A10AE05,2023,300,492582,,,,,,,,,0.9,33.8
A10AE06,2023,100,081016,,,,0.1,0.1,2.1,25.3,17,,
A10AE06,2023,101,081016,0.1,2.1,25.3,,,,,,,
A10AE06,2023,300,081016,,,,,,,,,0.1,2.1
A10AE06,2023,100,108109,,,,0.1,0.1,3.2,38.6,34,,
A10AE06,2023,101,108109,0.1,3.2,38.6,,,,,,,
A10AE06,2023,200,108109,0,0.7,,,,,,,,
A10AE06,2023,300,108109,,,,,,,,,0.1,3.8
A10AE06,2023,100,110305,,,,1,1,44.9,639.5,539.3,,
A10AE06,2023,101,110305,1,44.9,639.5,,,,,,,
A10AE06,2023,200,110305,0,0.2,,,,,,,,
A10AE06,2023,300,110305,,,,,,,,,1,45.1
A10AE06,2023,100,161130,,,,0.1,0.1,5.3,64.8,54.7,,
A10AE06,2023,101,161130,0.1,5.3,64.8,,,,,,,
A10AE06,2023,200,161130,0,0,,,,,,,,
A10AE06,2023,300,161130,,,,,,,,,0.1,5.3
A10AE06,2023,100,174626,,,,88,87.4,3957.8,48080.5,40784.4,,
A10AE06,2023,101,174626,88,3957.8,48080.5,,,,,,,
A10AE06,2023,200,174626,0.4,15.8,,,,,,,,
A10AE06,2023,300,174626,,,,,,,,,88.3,3973.6
A10AE06,2023,100,198485,,,,0.1,0.1,3.8,47,31.9,,
A10AE06,2023,101,198485,0.1,3.8,47,,,,,,,
A10AE06,2023,300,198485,,,,,,,,,0.1,3.8
A10AE06,2023,100,399152,,,,2,2,60.5,1069.2,901.8,,
A10AE06,2023,101,399152,2,60.5,1069.2,,,,,,,
A10AE06,2023,300,399152,,,,,,,,,2,60.5
A10AE06,2023,100,403692,,,,0,0,0.2,2.8,2.4,,
A10AE06,2023,101,403692,0,0.2,2.8,,,,,,,
A10AE06,2023,300,403692,,,,,,,,,0,0.2
A10AE06,2023,100,423795,,,,0.1,0.1,2.7,32.8,22.9,,
A10AE06,2023,101,423795,0.1,2.7,32.8,,,,,,,
A10AE06,2023,200,423795,0.2,6,,,,,,,,
A10AE06,2023,300,423795,,,,,,,,,0.2,8.6
A10AE06,2023,100,433751,,,,2.2,2.2,197.9,3209.5,2803.5,,
A10AE06,2023,101,433751,2.2,197.9,3209.5,,,,,,,
A10AE06,2023,200,433751,0,2.2,,,,,,,,
A10AE06,2023,300,433751,,,,,,,,,2.2,200.1
A10AE06,2023,100,445797,,,,0.9,0.9,33.6,407.9,295.2,,
A10AE06,2023,101,445797,0.9,33.6,407.9,,,,,,,
A10AE06,2023,300,445797,,,,,,,,,0.9,33.6
A10AE06,2023,100,466152,,,,1.1,1.1,97.9,1639.9,1425.7,,
A10AE06,2023,101,466152,1.1,97.9,1639.9,,,,,,,
A10AE06,2023,300,466152,,,,,,,,,1.1,97.9
A10AE06,2023,100,484846,,,,105.9,104.2,3970.4,48525.8,35116.6,,
A10AE06,2023,101,484846,105.9,3970.4,48525.8,,,,,,,
A10AE06,2023,200,484846,1.1,42.5,,,,,,,,
A10AE06,2023,300,484846,,,,,,,,,107,4012.9
A10AE06,2023,100,487592,,,,0.1,0.1,3.8,46.6,40.9,,
A10AE06,2023,101,487592,0.1,3.8,46.6,,,,,,,
A10AE06,2023,300,487592,,,,,,,,,0.1,3.8
A10AE06,2023,100,518534,,,,7.7,7.5,287.8,3350.8,2350.7,,
A10AE06,2023,101,518534,7.7,287.8,3350.8,,,,,,,
A10AE06,2023,200,518534,0,0.2,,,,,,,,
A10AE06,2023,300,518534,,,,,,,,,7.7,288
A10AE06,2023,100,554224,,,,0.3,0.3,12.2,171.6,103.6,,
A10AE06,2023,101,554224,0.3,12.2,171.6,,,,,,,
A10AE06,2023,300,554224,,,,,,,,,0.3,12.2
A10AE06,2023,100,555962,,,,0.9,0.9,83.2,1320.5,1160.8,,
A10AE06,2023,101,555962,0.9,83.2,1320.5,,,,,,,
A10AE06,2023,200,555962,0.1,7.2,,,,,,,,
A10AE06,2023,300,555962,,,,,,,,,1,90.4
A10AE06,2023,100,583528,,,,0.3,0.3,29.4,407,343.4,,
A10AE06,2023,101,583528,0.3,29.4,407,,,,,,,
A10AE06,2023,300,583528,,,,,,,,,0.3,29.4
A10AE04,2024,100,004746,,,,1.1,1.1,41.1,393,274,,
A10AE04,2024,101,004746,1.1,41.1,393,,,,,,,
A10AE04,2024,200,004746,0,0.2,,,,,,,,
A10AE04,2024,300,004746,,,,,,,,,1.1,41.3
A10AE04,2024,100,081996,,,,77.3,77.2,2898.6,27723.7,20450.7,,
A10AE04,2024,101,081996,77.3,2898.6,27723.7,,,,,,,
A10AE04,2024,200,081996,0.1,2.5,,,,,,,,
A10AE04,2024,300,081996,,,,,,,,,77.4,2901.2
A10AE04,2024,100,135216,,,,31.9,31.7,1793.4,17974.3,14089.7,,
A10AE04,2024,101,135216,31.9,1793.4,17974.3,,,,,,,
A10AE04,2024,200,135216,0.5,30.3,,,,,,,,
A10AE04,2024,300,135216,,,,,,,,,32.4,1823.6
A10AE04,2024,100,413834,,,,0,0,0.1,0.6,0.5,,
A10AE04,2024,101,413834,0,0.1,0.6,,,,,,,
A10AE04,2024,300,413834,,,,,,,,,0,0.1
A10AE04,2024,100,445705,,,,28.9,28.6,975.4,9971.1,7512.4,,
A10AE04,2024,101,445705,28.9,975.4,9971.1,,,,,,,
A10AE04,2024,200,445705,0.1,4.3,,,,,,,,
A10AE04,2024,300,445705,,,,,,,,,29,979.7
A10AE04,2024,100,447357,,,,14.3,14.2,965.4,9628,7982,,
A10AE04,2024,101,447357,14.3,965.4,9628,,,,,,,
A10AE04,2024,200,447357,0,2.2,,,,,,,,
A10AE04,2024,300,447357,,,,,,,,,14.3,967.5
A10AE04,2024,100,448060,,,,0.7,0.1,27.6,332.8,28.5,,
A10AE04,2024,101,448060,0.7,27.6,332.8,,,,,,,
A10AE04,2024,200,448060,0,0.2,,,,,,,,
A10AE04,2024,300,448060,,,,,,,,,0.7,27.8
A10AE04,2024,100,458245,,,,0,0,0.3,3.4,2.2,,
A10AE04,2024,101,458245,0,0.3,3.4,,,,,,,
A10AE04,2024,300,458245,,,,,,,,,0,0.3
A10AE04,2024,100,547209,,,,120.5,120.4,4519.2,37854.4,27160,,
A10AE04,2024,101,547209,120.5,4519.2,37854.4,,,,,,,
A10AE04,2024,200,547209,4.5,167.4,,,,,,,,
A10AE04,2024,300,547209,,,,,,,,,125,4686.6
A10AE04,2024,100,591791,,,,0.2,0,6.9,82.5,11.8,,
A10AE04,2024,101,591791,0.2,6.9,82.5,,,,,,,
A10AE04,2024,300,591791,,,,,,,,,0.2,6.9
A10AE05,2024,100,015343,,,,0,0,0.1,0.7,0.6,,
A10AE05,2024,101,015343,0,0.1,0.7,,,,,,,
A10AE05,2024,300,015343,,,,,,,,,0,0.1
A10AE05,2024,100,015448,,,,1.4,1.3,51.6,493.5,331.5,,
A10AE05,2024,101,015448,1.4,51.6,493.5,,,,,,,
A10AE05,2024,200,015448,0,1.6,,,,,,,,
A10AE05,2024,300,015448,,,,,,,,,1.4,53.2
A10AE05,2024,100,025090,,,,1.3,1.3,48.2,1008,788.3,,
A10AE05,2024,101,025090,1.3,48.2,1008,,,,,,,
A10AE05,2024,300,025090,,,,,,,,,1.3,48.2
A10AE05,2024,100,476304,,,,51.8,51.2,388.4,4409.4,3288.3,,
A10AE05,2024,101,476304,51.8,388.4,4409.4,,,,,,,
A10AE05,2024,200,476304,0.6,4.3,,,,,,,,
A10AE05,2024,300,476304,,,,,,,,,52.4,392.7
A10AE05,2024,100,492582,,,,1.6,1.5,58.5,1220,956.9,,
A10AE05,2024,101,492582,1.6,58.5,1220,,,,,,,
A10AE05,2024,300,492582,,,,,,,,,1.6,58.5
A10AE06,2024,100,110305,,,,0.7,0.7,31.4,380,308.8,,
A10AE06,2024,101,110305,0.7,31.4,380,,,,,,,
A10AE06,2024,300,110305,,,,,,,,,0.7,31.4
A10AE06,2024,100,174626,,,,83.3,83,3749.8,45295.3,37278.3,,
A10AE06,2024,101,174626,83.3,3749.8,45295.3,,,,,,,
A10AE06,2024,200,174626,0.2,10.5,,,,,,,,
A10AE06,2024,300,174626,,,,,,,,,83.6,3760.3
A10AE06,2024,100,198485,,,,0,0,0.1,1.4,1.1,,
A10AE06,2024,101,198485,0,0.1,1.4,,,,,,,
A10AE06,2024,300,198485,,,,,,,,,0,0.1
A10AE06,2024,100,399152,,,,3.5,3.5,105,1945.1,1595.6,,
A10AE06,2024,101,399152,3.5,105,1945.1,,,,,,,
A10AE06,2024,300,399152,,,,,,,,,3.5,105
A10AE06,2024,100,433751,,,,2.4,2.4,217.2,3043.8,2598.1,,
A10AE06,2024,101,433751,2.4,217.2,3043.8,,,,,,,
A10AE06,2024,200,433751,0,1.3,,,,,,,,
A10AE06,2024,300,433751,,,,,,,,,2.4,218.4
A10AE06,2024,100,445797,,,,0.1,0.1,3.5,42.2,31.7,,
A10AE06,2024,101,445797,0.1,3.5,42.2,,,,,,,
A10AE06,2024,300,445797,,,,,,,,,0.1,3.5
A10AE06,2024,100,466152,,,,0.2,0.2,17.9,265.5,209.9,,
A10AE06,2024,101,466152,0.2,17.9,265.5,,,,,,,
A10AE06,2024,200,466152,0.2,20.3,,,,,,,,
A10AE06,2024,300,466152,,,,,,,,,0.4,38.2
A10AE06,2024,100,484846,,,,99.2,98.2,3721.1,45226.1,32010.6,,
A10AE06,2024,101,484846,99.2,3721.1,45226.1,,,,,,,
A10AE06,2024,200,484846,1.2,43.9,,,,,,,,
A10AE06,2024,300,484846,,,,,,,,,100.4,3765
A10AE06,2024,100,518534,,,,9.5,9.5,357.2,4187.4,2894.7,,
A10AE06,2024,101,518534,9.5,357.2,4187.4,,,,,,,
A10AE06,2024,200,518534,0,1.1,,,,,,,,
A10AE06,2024,300,518534,,,,,,,,,9.6,358.2
A10AE06,2024,100,550639,,,,0.2,0.2,4.7,86.3,69.6,,
A10AE06,2024,101,550639,0.2,4.7,86.3,,,,,,,
A10AE06,2024,300,550639,,,,,,,,,0.2,4.7
A10AE06,2024,100,554224,,,,0.2,0.2,5.7,67.5,51.4,,
A10AE06,2024,101,554224,0.2,5.7,67.5,,,,,,,
A10AE06,2024,300,554224,,,,,,,,,0.2,5.7
A10AE06,2024,100,555962,,,,1.9,1.9,168.7,2323.9,1961.3,,
A10AE06,2024,101,555962,1.9,168.7,2323.9,,,,,,,
A10AE06,2024,300,555962,,,,,,,,,1.9,168.7
A10AE06,2024,100,583528,,,,0.4,0.4,34.1,459.8,386.4,,
A10AE06,2024,101,583528,0.4,34.1,459.8,,,,,,,
A10AE06,2024,300,583528,,,,,,,,,0.4,34.1
A10AE04,2025,100,004746,,,,1.2,1.2,44.1,434.8,300.4,,
A10AE04,2025,101,004746,1.2,44.1,434.8,,,,,,,
A10AE04,2025,200,004746,0,0.2,,,,,,,,
A10AE04,2025,300,004746,,,,,,,,,1.2,44.3
A10AE04,2025,100,061004,,,,8.2,8.1,305.7,4513.9,3206.5,,
A10AE04,2025,101,061004,8.2,305.7,4513.9,,,,,,,
A10AE04,2025,200,061004,0,0.6,,,,,,,,
A10AE04,2025,300,061004,,,,,,,,,8.2,306.3
A10AE04,2025,100,081996,,,,122.2,122,4581.1,45862.6,33654.2,,
A10AE04,2025,101,081996,122.2,4581.1,45862.6,,,,,,,
A10AE04,2025,200,081996,0.1,4.6,,,,,,,,
A10AE04,2025,300,081996,,,,,,,,,122.3,4585.7
A10AE04,2025,100,114054,,,,0.4,0.4,13,179,135.5,,
A10AE04,2025,101,114054,0.4,13,179,,,,,,,
A10AE04,2025,300,114054,,,,,,,,,0.4,13
A10AE04,2025,100,135216,,,,29.4,29.2,1652.2,18301.3,14150.4,,
A10AE04,2025,101,135216,29.4,1652.2,18301.3,,,,,,,
A10AE04,2025,200,135216,0.5,26,,,,,,,,
A10AE04,2025,300,135216,,,,,,,,,29.8,1678.2
A10AE04,2025,100,168321,,,,0.6,0.6,34.1,461.7,360.3,,
A10AE04,2025,101,168321,0.6,34.1,461.7,,,,,,,
A10AE04,2025,300,168321,,,,,,,,,0.6,34.1
A10AE04,2025,100,181023,,,,18.7,18.7,700.7,12947.9,9604.6,,
A10AE04,2025,101,181023,18.7,700.7,12947.9,,,,,,,
A10AE04,2025,200,181023,0,0.2,,,,,,,,
A10AE04,2025,300,181023,,,,,,,,,18.7,700.9
A10AE04,2025,100,184386,,,,3.7,3.7,139.2,2565.6,1903.2,,
A10AE04,2025,101,184386,3.7,139.2,2565.6,,,,,,,
A10AE04,2025,300,184386,,,,,,,,,3.7,139.2
A10AE04,2025,100,435954,,,,0.4,0.3,23.8,321,268.5,,
A10AE04,2025,101,435954,0.4,23.8,321,,,,,,,
A10AE04,2025,300,435954,,,,,,,,,0.4,23.8
A10AE04,2025,100,445705,,,,24.7,24.5,834.3,9390.5,6965.6,,
A10AE04,2025,101,445705,24.7,834.3,9390.5,,,,,,,
A10AE04,2025,200,445705,0.1,3.9,,,,,,,,
A10AE04,2025,300,445705,,,,,,,,,24.8,838.2
A10AE04,2025,100,446008,,,,0.3,0,9.5,123.1,16.5,,
A10AE04,2025,101,446008,0.3,9.5,123.1,,,,,,,
A10AE04,2025,300,446008,,,,,,,,,0.3,9.5
A10AE04,2025,100,447357,,,,14.8,14.8,1002.1,11027.2,9046.5,,
A10AE04,2025,101,447357,14.8,1002.1,11027.2,,,,,,,
A10AE04,2025,200,447357,0,0.8,,,,,,,,
A10AE04,2025,300,447357,,,,,,,,,14.9,1002.9
A10AE04,2025,100,448060,,,,1,0.1,38.5,456.8,43.8,,
A10AE04,2025,101,448060,1,38.5,456.8,,,,,,,
A10AE04,2025,200,448060,0,0,,,,,,,,
A10AE04,2025,300,448060,,,,,,,,,1,38.5
A10AE04,2025,100,521409,,,,7.3,7.3,273.5,5179.6,3877.1,,
A10AE04,2025,101,521409,7.3,273.5,5179.6,,,,,,,
A10AE04,2025,300,521409,,,,,,,,,7.3,273.5
A10AE04,2025,100,547209,,,,0.7,0.7,25.7,214.4,151.6,,
A10AE04,2025,101,547209,0.7,25.7,214.4,,,,,,,
A10AE04,2025,200,547209,3.7,138.3,,,,,,,,
A10AE04,2025,300,547209,,,,,,,,,4.4,164
A10AE04,2025,100,583729,,,,45.4,45.3,1702.4,28512.2,20798.1,,
A10AE04,2025,101,583729,45.4,1702.4,28512.2,,,,,,,
A10AE04,2025,200,583729,0.7,26,,,,,,,,
A10AE04,2025,300,583729,,,,,,,,,46.1,1728.3
A10AE05,2025,100,015448,,,,1.1,1,40.1,379.2,251.2,,
A10AE05,2025,101,015448,1.1,40.1,379.2,,,,,,,
A10AE05,2025,200,015448,0,1.6,,,,,,,,
A10AE05,2025,300,015448,,,,,,,,,1.1,41.7
A10AE05,2025,100,025090,,,,1.1,1.1,43,810.6,626.6,,
A10AE05,2025,101,025090,1.1,43,810.6,,,,,,,
A10AE05,2025,300,025090,,,,,,,,,1.1,43
A10AE05,2025,100,092851,,,,0.1,0.1,3,41.8,30.9,,
A10AE05,2025,101,092851,0.1,3,41.8,,,,,,,
A10AE05,2025,300,092851,,,,,,,,,0.1,3
A10AE05,2025,100,098651,,,,0.4,0.4,14.6,291.9,226.9,,
A10AE05,2025,101,098651,0.4,14.6,291.9,,,,,,,
A10AE05,2025,200,098651,0,0.2,,,,,,,,
A10AE05,2025,300,098651,,,,,,,,,0.4,14.7
A10AE05,2025,100,476304,,,,36.3,36,272.6,3209.3,2374,,
A10AE05,2025,101,476304,36.3,272.6,3209.3,,,,,,,
A10AE05,2025,200,476304,0.5,3.7,,,,,,,,
A10AE05,2025,300,476304,,,,,,,,,36.8,276.3
A10AE05,2025,100,492582,,,,1.4,1.4,53,1056.3,802.6,,
A10AE05,2025,101,492582,1.4,53,1056.3,,,,,,,
A10AE05,2025,200,492582,0,0.2,,,,,,,,
A10AE05,2025,300,492582,,,,,,,,,1.4,53.2
A10AE06,2025,100,138835,,,,0.1,0.1,3.3,57.3,45.1,,
A10AE06,2025,101,138835,0.1,3.3,57.3,,,,,,,
A10AE06,2025,300,138835,,,,,,,,,0.1,3.3
A10AE06,2025,100,174626,,,,82.6,82.4,3715,44154.4,35771.8,,
A10AE06,2025,101,174626,82.6,3715,44154.4,,,,,,,
A10AE06,2025,200,174626,0.1,3.5,,,,,,,,
A10AE06,2025,300,174626,,,,,,,,,82.6,3718.5
A10AE06,2025,100,399152,,,,3.4,3.4,102.2,1802.2,1412.5,,
A10AE06,2025,101,399152,3.4,102.2,1802.2,,,,,,,
A10AE06,2025,200,399152,0,0.1,,,,,,,,
A10AE06,2025,300,399152,,,,,,,,,3.4,102.2
A10AE06,2025,100,433751,,,,0.8,0.8,70,907.2,760,,
A10AE06,2025,101,433751,0.8,70,907.2,,,,,,,
A10AE06,2025,300,433751,,,,,,,,,0.8,70
A10AE06,2025,100,466152,,,,0.1,0.1,12.2,167.7,131.3,,
A10AE06,2025,101,466152,0.1,12.2,167.7,,,,,,,
A10AE06,2025,200,466152,0.2,22.4,,,,,,,,
A10AE06,2025,300,466152,,,,,,,,,0.4,34.6
A10AE06,2025,100,484846,,,,94.7,93.8,3550.8,42536.1,29554.3,,
A10AE06,2025,101,484846,94.7,3550.8,42536.1,,,,,,,
A10AE06,2025,200,484846,1.2,44.7,,,,,,,,
A10AE06,2025,300,484846,,,,,,,,,95.9,3595.5
A10AE06,2025,100,485387,,,,0.2,0.2,6.7,106.7,87.8,,
A10AE06,2025,101,485387,0.2,6.7,106.7,,,,,,,
A10AE06,2025,300,485387,,,,,,,,,0.2,6.7
A10AE06,2025,100,518534,,,,10.9,10.8,409.1,4727,3217,,
A10AE06,2025,101,518534,10.9,409.1,4727,,,,,,,
A10AE06,2025,200,518534,0.1,3,,,,,,,,
A10AE06,2025,300,518534,,,,,,,,,11,412.1
A10AE06,2025,100,550639,,,,1.7,1.7,52.4,918.5,727.9,,
A10AE06,2025,101,550639,1.7,52.4,918.5,,,,,,,
A10AE06,2025,300,550639,,,,,,,,,1.7,52.4
A10AE06,2025,100,555962,,,,1.2,1.2,110.8,1432.7,1185.6,,
A10AE06,2025,101,555962,1.2,110.8,1432.7,,,,,,,
A10AE06,2025,300,555962,,,,,,,,,1.2,110.8
A10AE06,2025,100,583528,,,,1.4,1.4,124.5,1604.7,1341.8,,
A10AE06,2025,101,583528,1.4,124.5,1604.7,,,,,,,
A10AE06,2025,300,583528,,,,,,,,,1.4,124.5
