product,pack,units_per_pack,aip_dkk,aup_dkk,fetched,url,varenummer,tilskud_icon,tilskud_beregnes_af_dkk
Tresiba 100 FlexTouch,"5 x 3 ml inj.væske, opl., pen (Novo)",1500,330.00,449.15,2026-10-02,https://www.medicinpriser.dk/Default.aspx?id=15&vnr=484846,484846,Generelt tilskud,449.15
Toujeo SoloStar,"3 x 1,5 ml inj.væske, opl., pen (Sanofi)",1350,268.00,368.85,2026-10-02,https://www.medicinpriser.dk/Default.aspx?id=15&vnr=445705,445705,Generelt tilskud,368.85
Toujeo SoloStar,"5 x 1,5 ml inj.væske, opl., pen (Sanofi)",2250,457.00,613.65,2026-10-02,https://www.medicinpriser.dk/Default.aspx?id=15&vnr=135216,135216,Generelt tilskud,613.65
Toujeo DoubleStar,"3 x 3 ml inj.væske, opl., pen (Sanofi)",2700,529.00,706.85,2026-10-02,https://www.medicinpriser.dk/Default.aspx?id=15&vnr=447357,447357,Generelt tilskud,706.85
Lantus SoloStar,"5 x 3 ml inj.væske, opl., pen (Sanofi)",1500,300.00,410.30,2026-10-02,https://www.medicinpriser.dk/Default.aspx?id=15&vnr=081996,081996,Generelt tilskud,410.30
Semglee,"5 x 3 ml inj.væske, opl., pen (Biocon Biologics Finland OY)",1500,206.00,288.60,2026-10-02,https://www.medicinpriser.dk/Default.aspx?id=15&vnr=547209,547209,Generelt tilskud,288.60
Abasaglar KwikPen,"5 x 3 ml (1-80E/Inj) (2care4) inj.væske, opl., pen (2care4)",1500,518.89,693.80,2026-10-02,https://www.medicinpriser.dk/Default.aspx?id=15&vnr=446008,446008,none shown,608.25
Abasaglar KwikPen,"5x3 ml(1-80E/Inj)(Ebb Medical) inj.væske, opl., pen (Ebb Medical)",1500,452.86,608.25,2026-10-02,https://www.medicinpriser.dk/Default.aspx?id=15&vnr=506283,506283,none shown,608.25
Levemir FlexPen,"3 ml inj.væske, opl., pen (Novo)",300,51.39,88.35,2026-10-02,https://www.medicinpriser.dk/Default.aspx?id=15&vnr=476304,476304,Klausuleret tilskud til receptpligtig medicin,88.35
Fiasp FlexTouch,"5 x 3 ml inj.væske, opl., pen (Novo)",1500,354.49,480.90,2026-10-02,https://www.medicinpriser.dk/Default.aspx?id=15&vnr=527632,527632,Klausuleret tilskud til receptpligtig medicin,404.00
NovoRapid FlexPen,"5 x 3 ml inj.væske, opløsning (Novo)",1500,177.00,251.05,2026-10-02,https://www.medicinpriser.dk/Default.aspx?id=15&vnr=006102,006102,Generelt tilskud,251.05
Humalog KwikPen,"5 x 3 ml inj.væske, opløsning (Eli Lilly)",1500,333.85,454.15,2026-10-02,https://www.medicinpriser.dk/Default.aspx?id=15&vnr=156506,156506,none shown,454.15
Lyumjev,no package found in medicinpriser.dk search,,,,2026-10-02,https://www.medicinpriser.dk/default.aspx (POST search 'lyumjev'),,,
