country,year,brand,units,england_brand,price_per_unit,value
France,2025,NovoRapid,4721380400.0,NovoRapid,0.017772990756434383,83913050.20681047
France,2025,Humalog,2578938000.0,Humalog,0.018952305562810513,48876821.003543414
France,2025,Apidra,497884000.0,Apidra,0.01862152640736041,9271360.05380223
France,2025,Insuline asparte Sanofi,271547500.0,Trurapi,0.014022518877999565,3807779.945023587
France,2025,Fiasp,1051702700.0,Fiasp,0.017203983876688964,18093476.29387025
France,2025,Lyumjev,325785000.0,Lyumjev,0.018642863082571706,6073565.149355623
Denmark,2025,Apidra,792000.0,Apidra,0.01862152640736041,14748.248914629443
Denmark,2025,Fiasp,69640000.0,Fiasp,0.017203983876688964,1198085.4371726194
Denmark,2025,Humalog,6648000.0,Humalog,0.018952305562810513,125994.92738156428
Denmark,2025,Insulin aspart Sanofi,34508000.0,Trurapi,0.014022518877999565,483889.08144200896
Denmark,2025,NovoRapid,520248000.0,NovoRapid,0.017772990756434383,9246362.895053474
Germany,2025,Insulin aspart Sanofi,153880000.0,Trurapi,0.014022518877999565,2157785.204946573
Germany,2025,NovoRapid,4124480000.0,NovoRapid,0.017772990756434383,73304344.91509849
Germany,2025,Fiasp,1459880000.0,Fiasp,0.017203983876688964,25115751.981900685
Germany,2025,Insulin lispro Sanofi,479080000.0,Insulin lispro Sanofi,0.01564152777777778,7493543.127777779
Germany,2025,Humalog,4030760000.0,Humalog,0.018952305562810513,76392195.1703541
Germany,2025,Liprolog and Lyumjev (pooled),1805440000.0,Lyumjev,0.018642863082571706,33658570.72379826
US Medicare Part D,2024,Admelog,376667382.0,Insulin lispro Sanofi,0.01564152777777778,5891653.318535834
US Medicare Part D,2024,Apidra,31427900.0,Apidra,0.01862152640736041,585235.4697778822
US Medicare Part D,2024,Fiasp,1062659128.1999999,Fiasp,0.017203983876688964,18281970.50796915
US Medicare Part D,2024,Humalog,5693599503.0,Humalog,0.018952305562810513,107906837.53312206
US Medicare Part D,2024,Insulin aspart (unbranded),652630037.5999999,Trurapi,0.014022518877999565,9151517.022595564
US Medicare Part D,2024,Insulin lispro (unbranded),2231409298.0,Insulin lispro Sanofi,0.01564152777777778,34902650.51825862
US Medicare Part D,2024,Lyumjev,298244600.0,Lyumjev,0.018642863082571706,5560133.242916365
US Medicare Part D,2024,Novolog,4833029311.7,NovoRapid,0.017772990756434383,85897385.28242053
US Medicaid,2025,Admelog,310474991.0,Insulin lispro Sanofi,0.01564152777777778,4856303.196031806
US Medicaid,2025,Apidra,47209245.0,Apidra,0.01862152640736041,879108.2024390473
US Medicaid,2025,Fiasp,88952125.0,Fiasp,0.017203983876688964,1530330.9242972212
US Medicaid,2025,Humalog,1523146296.0,Humalog,0.018952305562810513,28867134.01865503
US Medicaid,2025,Insulin aspart (unbranded),1325111081.8999999,Trurapi,0.014022518877999565,18581395.161389176
US Medicaid,2025,Insulin lispro (unbranded),3180680440.9,Insulin lispro Sanofi,0.01564152777777778,49750701.46857183
US Medicaid,2025,Kirsty,2208363.0,Trurapi,0.014022518877999565,30966.811856975753
US Medicaid,2025,Lyumjev,49077542.0,Lyumjev,0.018642863082571706,914945.8959351623
US Medicaid,2025,Novolog,768492504.3,NovoRapid,0.017772990756434383,13658410.175313009
Norway,2025,all rapid-acting (class total),874088680.0,all rapid-acting (class total),0.017623656941721803,15404639.032962447
