nation,board,ultra_units_pct,analogue_units_m
Scotland,Shetland,0.3,4.96
Scotland,Orkney,2.71,4.62
Scotland,Tayside,3.01,57.18
Scotland,Ayrshire and Arran,4.67,72.45
Scotland,Grampian,5.18,89.74
Scotland,Forth Valley,5.24,54.19
Scotland,Dumfries and Galloway,6.59,31.7
Scotland,Borders,7.98,21.65
Scotland,Fife,10.63,75.39
Scotland,Lothian,16.85,140.32
Wales,Aneurin Bevan,18.75,95.05
Scotland,Lanarkshire,19.92,124.78
Wales,Cardiff and Vale,22.01,64.17
Scotland,Western Isles,23.53,5.03
Wales,Powys,23.73,21.39
Scotland,Highland,26.25,66.31
Scotland,Greater Glasgow and Clyde,26.4,159.58
Wales,Betsi Cadwaladr,28.96,111.66
Wales,Hywel Dda,30.5,68.29
Wales,Swansea Bay,44.99,65.23
Wales,Cwm Taf Morgannwg,56.32,86.44
