pkg,a2_packages_k,a2_volume_k,ddd_per_pack,product,pack_size
002208,1134.5,28372.3,25.01,Novorapid,10 ml
006102,904.1,33901.0,37.5,Novorapid FlexPen,5 x 3 ml
016404,464.8,17431.1,37.5,Novorapid FlexPen,5 x 3 ml (Orifarm)
014914,362.3,13586.1,37.5,Novorapid FlexPen,5 x 3 ml (Paranova)
470445,302.7,7566.1,25.0,Novorapid,10 ml (Orifarm)
032173,198.1,4950.1,24.99,Novorapid,10 ml (Paranova)
031849,154.4,5791.1,37.51,Novorapid Penfill,5 x 3 ml
388992,107.3,4026.5,37.53,Novorapid Flex Touch,5 x 3 ml
157540,75.2,1883.0,25.04,Fiasp,10 ml (Orifarm)
448253,69.9,1746.6,24.99,Fiasp,10 ml
110313,64.0,2397.5,37.46,"Insulin aspart ""Sanofi""",5 x 3 ml
017992,56.4,2115.2,37.5,Novorapid Penfill,5 x 3 ml (Orifarm)
419821,47.3,1774.5,37.52,Novorapid FlexPen,5 x 3 ml (2care4)
115385,46.9,1759.3,37.51,Fiasp FlexTouch,5 x 3 ml (Orifarm)
482486,42.6,852.4,20.01,NovoRapid PumpCart,"5 x 1,6 ml"
478728,35.5,887.0,24.99,Fiasp,10 ml (2care4)
031088,33.4,831.4,24.89,Humalog,1 htgl. a 10 ml
559467,32.2,1202.3,37.34,Fiasp FlexTouch,5 x 3 ml (2care4)
130649,31.2,779.5,24.98,Novorapid,10 ml (2care4)
079894,29.5,1098.3,37.23,Novorapid Penfill,5 x 3 ml (Paranova)
428072,26.0,974.7,37.49,Fiasp FlexTouch,5 x 3 ml (Paranova)
539310,24.0,894.3,37.26,Fiasp Penfill,5 x 3 ml
530263,22.9,860.6,37.58,Novorapid FlexPen,5 x 3 ml (Abacus)
134282,22.4,843.1,37.64,Fiasp FlexTouch,5 x 3 ml (Abacus)
081987,20.8,777.2,37.37,Apidra SoloStar,5 x 3 ml
527632,19.8,739.0,37.32,Fiasp FlexTouch,5 x 3 ml
199965,18.3,457.6,25.01,"Insulin aspart ""Sanofi""",10 ml
073879,14.6,366.0,25.07,Apidra,10 ml
423779,14.0,526.8,37.63,Fiasp Penfill,5 x 3 ml (2care4)
048328,13.9,348.3,25.06,Fiasp,10 ml (Paranova)
056905,13.6,273.2,20.09,NovoRapid PumpCart,"5 x 1,6 ml (Paranova)"
086342,12.7,472.4,37.2,Humalog KwikPen,5 x 3 ml (Orifarm)
036155,12.5,310.3,24.82,Novorapid,10 ml (2care4)
449518,12.1,241.2,19.93,NovoRapid PumpCart,"5 x 1,6 ml (Orifarm)"
466541,11.8,441.6,37.42,Humalog KwikPen,5 x 3 ml (Paranova)
404634,11.4,430.6,37.77,Apidra SoloStar,5 x 3 ml (Paranova)
140619,9.8,242.5,24.74,Fiasp,10 ml (Abacus)
567293,7.5,279.7,37.29,Novorapid Penfill,5 x 3 ml (2care4)
060741,5.5,110.8,20.15,NovoRapid PumpCart,"5 x 1,6 ml (2care4)"
091952,3.7,138.9,37.54,Apidra SoloStar,5 x 3 ml (2care4)
156506,3.1,118.2,38.13,Humalog KwikPen,5 x 3 ml
052682,2.5,87.1,34.84,Humalog KwikPen,5 x 3 ml (2care4)
542479,2.4,49.4,20.58,Fiasp PumpCart,"5 x 1,6 ml"
022165,2.1,76.8,36.57,Apidra,5 x 3 ml
433086,1.9,70.2,36.95,Humalog,5 cylinderamp. a 3 ml
150333,1.4,54.2,38.71,Fiasp Penfill,5 x 3 ml (Orifarm)
541048,1.3,50.5,38.85,Humalog KwikPen,5 x 3 ml (2care4)
415134,1.1,42.3,38.45,Fiasp Penfill,5 x 3 ml (Paranova)
