"ATC-kode";"Kjønn";"Alder";"År";"Antall individ";"Definerte døgndoser (DDD)";"FLAGG"
"A10AE04 - insulin glargin";"Begge kjønn";"Alle aldre";"2004";"1306";"301432";""
"A10AE04 - insulin glargin";"Begge kjønn";"Alle aldre";"2005";"2418";"651435";""
"A10AE04 - insulin glargin";"Begge kjønn";"Alle aldre";"2006";"4025";"1152255";""
"A10AE04 - insulin glargin";"Begge kjønn";"Alle aldre";"2007";"5137";"1586970";""
"A10AE04 - insulin glargin";"Begge kjønn";"Alle aldre";"2008";"6167";"1933883";""
"A10AE04 - insulin glargin";"Begge kjønn";"Alle aldre";"2009";"6958";"2193683";""
"A10AE04 - insulin glargin";"Begge kjønn";"Alle aldre";"2010";"8433";"2689893";""
"A10AE04 - insulin glargin";"Begge kjønn";"Alle aldre";"2011";"9559";"3009863";""
"A10AE04 - insulin glargin";"Begge kjønn";"Alle aldre";"2012";"10629";"3299138";""
"A10AE04 - insulin glargin";"Begge kjønn";"Alle aldre";"2013";"11727";"3610568";""
"A10AE04 - insulin glargin";"Begge kjønn";"Alle aldre";"2014";"12570";"3870398";""
"A10AE04 - insulin glargin";"Begge kjønn";"Alle aldre";"2015";"13616";"4181021";""
"A10AE04 - insulin glargin";"Begge kjønn";"Alle aldre";"2016";"15043";"4728983";""
"A10AE04 - insulin glargin";"Begge kjønn";"Alle aldre";"2017";"16352";"5145146";""
"A10AE04 - insulin glargin";"Begge kjønn";"Alle aldre";"2018";"16677";"5262221";""
"A10AE04 - insulin glargin";"Begge kjønn";"Alle aldre";"2019";"16950";"5356290";""
"A10AE04 - insulin glargin";"Begge kjønn";"Alle aldre";"2020";"17159";"5431494";""
"A10AE04 - insulin glargin";"Begge kjønn";"Alle aldre";"2021";"17124";"5413687";""
"A10AE04 - insulin glargin";"Begge kjønn";"Alle aldre";"2022";"18046";"5501123";""
"A10AE04 - insulin glargin";"Begge kjønn";"Alle aldre";"2023";"18614";"5446328";""
"A10AE04 - insulin glargin";"Begge kjønn";"Alle aldre";"2024";"19784";"5561366";""
"A10AE04 - insulin glargin";"Begge kjønn";"Alle aldre";"2025";"21519";"5889360";""
"A10AE05 - insulin detemir";"Begge kjønn";"Alle aldre";"2004";"158";"13785";""
"A10AE05 - insulin detemir";"Begge kjønn";"Alle aldre";"2005";"1205";"291398";""
"A10AE05 - insulin detemir";"Begge kjønn";"Alle aldre";"2006";"2299";"717600";""
"A10AE05 - insulin detemir";"Begge kjønn";"Alle aldre";"2007";"3099";"1040280";""
"A10AE05 - insulin detemir";"Begge kjønn";"Alle aldre";"2008";"3802";"1385108";""
"A10AE05 - insulin detemir";"Begge kjønn";"Alle aldre";"2009";"4493";"1672688";""
"A10AE05 - insulin detemir";"Begge kjønn";"Alle aldre";"2010";"5526";"2057633";""
"A10AE05 - insulin detemir";"Begge kjønn";"Alle aldre";"2011";"5927";"2159235";""
"A10AE05 - insulin detemir";"Begge kjønn";"Alle aldre";"2012";"6023";"2162059";""
"A10AE05 - insulin detemir";"Begge kjønn";"Alle aldre";"2013";"6207";"2189715";""
"A10AE05 - insulin detemir";"Begge kjønn";"Alle aldre";"2014";"6261";"2218673";""
"A10AE05 - insulin detemir";"Begge kjønn";"Alle aldre";"2015";"6284";"2230800";""
"A10AE05 - insulin detemir";"Begge kjønn";"Alle aldre";"2016";"6126";"2090115";""
"A10AE05 - insulin detemir";"Begge kjønn";"Alle aldre";"2017";"5721";"1843890";""
"A10AE05 - insulin detemir";"Begge kjønn";"Alle aldre";"2018";"4957";"1559670";""
"A10AE05 - insulin detemir";"Begge kjønn";"Alle aldre";"2019";"4536";"1364775";""
"A10AE05 - insulin detemir";"Begge kjønn";"Alle aldre";"2020";"3920";"1142993";""
"A10AE05 - insulin detemir";"Begge kjønn";"Alle aldre";"2021";"3534";"1002008";""
"A10AE05 - insulin detemir";"Begge kjønn";"Alle aldre";"2022";"3593";"925290";""
"A10AE05 - insulin detemir";"Begge kjønn";"Alle aldre";"2023";"3408";"818490";""
"A10AE05 - insulin detemir";"Begge kjønn";"Alle aldre";"2024";"3379";"757238";""
"A10AE05 - insulin detemir";"Begge kjønn";"Alle aldre";"2025";"3255";"693923";""
"A10AE06 - insulin degludec";"Begge kjønn";"Alle aldre";"2004";"0";"0";""
"A10AE06 - insulin degludec";"Begge kjønn";"Alle aldre";"2005";"0";"0";""
"A10AE06 - insulin degludec";"Begge kjønn";"Alle aldre";"2006";"0";"0";""
"A10AE06 - insulin degludec";"Begge kjønn";"Alle aldre";"2007";"0";"0";""
"A10AE06 - insulin degludec";"Begge kjønn";"Alle aldre";"2008";"0";"0";""
"A10AE06 - insulin degludec";"Begge kjønn";"Alle aldre";"2009";"0";"0";""
"A10AE06 - insulin degludec";"Begge kjønn";"Alle aldre";"2010";"0";"0";""
"A10AE06 - insulin degludec";"Begge kjønn";"Alle aldre";"2011";"0";"0";""
"A10AE06 - insulin degludec";"Begge kjønn";"Alle aldre";"2012";"0";"0";""
"A10AE06 - insulin degludec";"Begge kjønn";"Alle aldre";"2013";"0";"0";""
"A10AE06 - insulin degludec";"Begge kjønn";"Alle aldre";"2014";"5";"488";""
"A10AE06 - insulin degludec";"Begge kjønn";"Alle aldre";"2015";"127";"27083";""
"A10AE06 - insulin degludec";"Begge kjønn";"Alle aldre";"2016";"1087";"227580";""
"A10AE06 - insulin degludec";"Begge kjønn";"Alle aldre";"2017";"3386";"863880";""
"A10AE06 - insulin degludec";"Begge kjønn";"Alle aldre";"2018";"5938";"1768395";""
"A10AE06 - insulin degludec";"Begge kjønn";"Alle aldre";"2019";"8349";"2466315";""
"A10AE06 - insulin degludec";"Begge kjønn";"Alle aldre";"2020";"10874";"3388410";""
"A10AE06 - insulin degludec";"Begge kjønn";"Alle aldre";"2021";"13132";"4217325";""
"A10AE06 - insulin degludec";"Begge kjønn";"Alle aldre";"2022";"14855";"4858282";""
"A10AE06 - insulin degludec";"Begge kjønn";"Alle aldre";"2023";"16041";"5116433";""
"A10AE06 - insulin degludec";"Begge kjønn";"Alle aldre";"2024";"16787";"5378963";""
"A10AE06 - insulin degludec";"Begge kjønn";"Alle aldre";"2025";"17385";"5551860";""
