product,body,decision,date,quote,url,capture
Tresiba (insulin degludec),Statens legemiddelverk (SLV),T1D: forhåndsgodkjent refusjon refused,2015-04-28,Insulin degludec (Tresiba) innvilges ikke forhåndsgodkjent refusjon ved diabetes type 1 etter folketrygdlovens § 5-14. [not granted pre-approved reimbursement for type 1 diabetes],https://legemiddelverket.no/Documents/Offentlig-finansiering-og-pris/Metodevurderinger/T/Tresiba_Diabetes1_2015.pdf,captures/dmp_Tresiba_Diabetes1_2015.pdf
Tresiba (insulin degludec),Statens legemiddelverk (SLV),T1D: §2 granted with vilkår 180 and 181; effective 2016-02-15,2016-01-29,er insulin degludec (Tresiba 100 E/ml) innvilget forhåndsgodkjent refusjon etter blåreseptforskriftens § 2 [granted pre-approved reimbursement under §2; conditions 180 (only after NPH fails owing to nocturnal hypoglycaemia or large glucose swings) and 181 (initiation by specialist)],https://legemiddelverket.no/Documents/Offentlig-finansiering-og-pris/Metodevurderinger/T/Tresiba_T1D_2016.pdf,captures/dmp_Tresiba_T1D_2016.pdf
Tresiba (insulin degludec),Statens legemiddelverk (SLV),"T2D: refusal upheld on renewed assessment (ICER about NOK 725,000/QALY vs NPH)",2019-05-29,vedtar at Tresiba ikke innvilges forhåndsgodkjent refusjon til behandling av diabetes type 2 basert på denne dokumentasjonen. [decides Tresiba is not granted pre-approved reimbursement for type 2 diabetes on this documentation],https://legemiddelverket.no/Documents/Offentlig-finansiering-og-pris/Metodevurderinger/T/Tresiba_T2DM_2019.pdf,captures/dmp_Tresiba_T2DM_2019.pdf
Tresiba (insulin degludec),DMP (FEST refusjonsdata),T2D codes T90/E11 on the §2 list from 2019-08-01 (granting document not located); vilkår 244 dated 2019-07-04,2019-08-01,"<Refusjonskode V=""T90"" S=""2.16.578.1.12.4.1.1.7170"" DN=""Diabetes type 2"" />
            <GyldigFraDato>2019-08-01</GyldigFraDato> [FEST refusjonsgruppe A10AE06_1: type 2 diabetes code valid from 2019-08-01]",https://www.dmp.no/globalassets/documents/om-oss/distribusjon-av-legemiddeldata/fest/festfiler/fest251.zip,captures/fest251_a10a_refusjon_blocks.xml
Tresiba (insulin degludec),Direktoratet for medisinske produkter (DMP),"Vilkår 180, 181 and 244 removed; unconditional §2 for T1D and T2D; effective 2026-05-15",2026-04-30,"Med hjemmel i legemiddelforskriften § 14-11 vedtar DMP å fjerne refusjonsvilkår 180, 181 og 244 for insulin degludek 100/200 E/ml (Tresiba) og insulin glargin 300 E/ml (Toujeo). [DMP removes reimbursement conditions 180, 181 and 244 for degludec and glargine 300]",https://www.dmp.no/globalassets/documents/offentlig-finansiering-og-pris/metodevurderinger/i/insulin_diabetes_2026_-endring-av-refusjonsvilkar.pdf,captures/dmp_insulin_diabetes_2026_endring-av-refusjonsvilkar.pdf
Tresiba (insulin degludec),DMP (FEST refusjonsdata),"Current refusjonsgruppe A10AE06_1: T89/E10/T90/E11, no vilkår attached (FEST file 2026-09-28)",2026-09-28,<RefusjonsberettighetBruk>Behandling av diabetes mellitus</RefusjonsberettighetBruk> [reimbursable use: treatment of diabetes mellitus],https://www.dmp.no/globalassets/documents/om-oss/distribusjon-av-legemiddeldata/fest/festfiler/fest251.zip,captures/fest251_a10a_refusjon_blocks.xml
Tresiba (insulin degludec),Felleskatalogen,"Packs listed as Blå resept; page still carries an 'Individuell stønad' box for T2D (page last changed 26.04.2024, so this predates the 2026 decision)",2026-10-02,"Individuell stønad Insulin degludec Legemidler: Tresiba injeksjonsvæske Indikasjon: Diabetes mellitus type 2 . [individual reimbursement: degludec, type 2 diabetes]",https://www.felleskatalogen.no/medisin/tresiba-flextouch-tresiba-penfill-novo-nordisk-589607,captures/fk_tresiba.html
Toujeo (insulin glargine 300 U/ml),Statens legemiddelverk (SLV),T1D: §2 granted with vilkår 180 and 181; price parity with Lantus; effective 2015-08-01,2015-07-14,"er insulin glargin (Toujeo) innvilget forhåndsgodkjent refusjon etter blåreseptforskriftens § 2 [granted pre-approved reimbursement under §2 (type 1 diabetes, conditions 180 and 181)]",https://legemiddelverket.no/Documents/Offentlig-finansiering-og-pris/Metodevurderinger/T/Toujeo_T1DM_2015.pdf,captures/dmp_Toujeo_T1DM_2015.pdf
Toujeo (insulin glargine 300 U/ml),Statens legemiddelverk (SLV),T2D: general reimbursement refused,2017-09-25,Insulin glargin (Toujeo) innvilges ikke generell refusjon etter folketrygdlovens § 5-14. [not granted general reimbursement],https://legemiddelverket.no/Documents/Offentlig-finansiering-og-pris/Metodevurderinger/T/Toujeo_T2D_2017.pdf,captures/dmp_Toujeo_T2D_2017.pdf
Toujeo (insulin glargine 300 U/ml),DMP (FEST refusjonsdata),Refusjonsgruppe A10AE04_1 named 'Toujeo (med NPH-vilkår)'; T2D codes from 2019-08-01 (granting document not located); no vilkår attached in current file,2019-08-01,"<GruppeNr V=""A10AE04_1"" S=""2.16.578.1.12.4.1.1.7451"" DN=""Toujeo (med NPH-vilkår)"" /> [group label 'Toujeo (with NPH condition)']",https://www.dmp.no/globalassets/documents/om-oss/distribusjon-av-legemiddeldata/fest/festfiler/fest251.zip,captures/fest251_a10a_refusjon_blocks.xml
Toujeo (insulin glargine 300 U/ml),Direktoratet for medisinske produkter (DMP),"Vilkår 180, 181 and 244 removed; effective 2026-05-15",2026-04-30,"Endringer medfører at aktuelle preparater har forhåndsgodkjent refusjon etter blåreseptforskriften § 2, [the products now have pre-approved reimbursement under §2 (codes T89, T90, E10, E11, no conditions)]",https://www.dmp.no/globalassets/documents/offentlig-finansiering-og-pris/metodevurderinger/i/insulin_diabetes_2026_-endring-av-refusjonsvilkar.pdf,captures/dmp_insulin_diabetes_2026_endring-av-refusjonsvilkar.pdf
Toujeo (insulin glargine 300 U/ml),Sykehusinnkjøp HF (LIS),"On national hospital basis-drug agreement (delkontrakt 28, Sanofi)",2026-10-02,"135216 | Toujeo SoloStar inj 300 E/ml | 5x1,5 | MLPEN | 01 | C | K | 300E/ml | A10AE04 | Insulin glargin | 002345 | 28 | [agreement row]",https://www.sykehusinnkjop.no/492829/siteassets/avtaledokumenter/avtaler-legemidler/basislegemidler/alle-basis.xlsx,captures/sykehusinnkjop_avtaleoversikt_basislegemidler.xlsx
Fiasp (faster insulin aspart),Statens legemiddelverk (SLV),"§2 granted, no vilkår; price capped at NovoRapid daily cost",2017-05-19,er insulin aspart (Fiasp) innvilget forhåndsgodkjent refusjon etter blåreseptforskriftens § 2 [granted pre-approved reimbursement under §2],https://legemiddelverket.no/Documents/Offentlig-finansiering-og-pris/Metodevurderinger/F/Fiasp_diabetes-type-1-og-2_2017.pdf,captures/dmp_Fiasp_diabetes-type-1-og-2_2017.pdf
Fiasp (faster insulin aspart),Statens legemiddelverk (SLV),Conditions: none,2017-05-19,Vilkår: ingen [conditions: none],https://legemiddelverket.no/Documents/Offentlig-finansiering-og-pris/Metodevurderinger/F/Fiasp_diabetes-type-1-og-2_2017.pdf,captures/dmp_Fiasp_diabetes-type-1-og-2_2017.pdf
Fiasp (faster insulin aspart),Statens legemiddelverk (SLV),Reimbursement price tied to NovoRapid,2017-05-19,Refusjonsprisen settes slik at døgnkostnaden for insulin aspart (Fiasp) ikke skal være høyere enn maksimalpris/refusjonspris/trinnpris for referansealternativet (NovoRapid). [daily cost may not exceed that of NovoRapid],https://legemiddelverket.no/Documents/Offentlig-finansiering-og-pris/Metodevurderinger/F/Fiasp_diabetes-type-1-og-2_2017.pdf,captures/dmp_Fiasp_diabetes-type-1-og-2_2017.pdf
Fiasp (faster insulin aspart),Felleskatalogen,Marketed; all four presentations Blå resept,2026-10-02,"086515 Blå resept 343,00 C [FlexTouch 5x3 ml, blue prescription, NOK 343.00]",https://www.felleskatalogen.no/medisin/fiasp-fiasp-flextouch-fiasp-penfill-fiasp-pumpcart-novo-nordisk-640799,captures/fk_fiasp.html
Lyumjev (ultra-rapid lispro),Statens legemiddelverk (SLV),"§2 granted, no vilkår (simplified assessment vs Humalog); effective 2021-02-15",2021-01-25,"er insulin lispro (Lyumjev) innvilget forhåndsgodkjent refusjon etter blåreseptforskriftens §§ 2, jf. 1b [granted pre-approved reimbursement under §2]",https://legemiddelverket.no/Documents/Offentlig-finansiering-og-pris/Metodevurderinger/L/Lyumjev_DM_2021.pdf,captures/dmp_Lyumjev_DM_2021.pdf
Lyumjev (ultra-rapid lispro),Statens legemiddelverk (SLV),Reimbursement price tied to Humalog,2021-01-25,"Refusjonsprisen settes slik at døgnkostnaden for insulin lispro (Lyumjev) ikke skal være høyere enn maksimalpris/ refusjonspris/ trinnpris for referansealternativet, som i denne vurderingen er Humalog. [daily cost may not exceed that of Humalog]",https://legemiddelverket.no/Documents/Offentlig-finansiering-og-pris/Metodevurderinger/L/Lyumjev_DM_2021.pdf,captures/dmp_Lyumjev_DM_2021.pdf
Lyumjev (ultra-rapid lispro),Felleskatalogen,"Marketed; vial, cartridge and KwikPen Blå resept",2026-10-02,"391879 Blå resept 509,10 C [KwikPen 5x3 ml, blue prescription, NOK 509.10]",https://www.felleskatalogen.no/medisin/lyumjev-lilly-686975,captures/fk_lyumjev.html
Lyumjev (ultra-rapid lispro),Sykehusinnkjøp HF (LIS),"Vial and cartridge on hospital basis-drug agreement (delkontrakt 19, Lilly); KwikPen not listed",2026-10-02,553635 | Lyumjev inj 100 E/ml | 5x3 | MLSYL | 01 | C | K | 100E/ml | A10AB04 | Insulin lispro |  | 19 | [agreement row],https://www.sykehusinnkjop.no/492829/siteassets/avtaledokumenter/avtaler-legemidler/basislegemidler/alle-basis.xlsx,captures/sykehusinnkjop_avtaleoversikt_basislegemidler.xlsx
NovoRapid (insulin aspart),DMP (FEST refusjonsdata),"Refusjonsgruppe A10AB05_1: codes T89/T90/W85/E10/E11/E13/E14/O24.4 from 2008, no vilkår",2026-09-28,"<GruppeNr V=""A10AB05_1"" S=""2.16.578.1.12.4.1.1.7451"" DN=""A10AB05_1"" /> [rapid-acting analogue group, unconditional]",https://www.dmp.no/globalassets/documents/om-oss/distribusjon-av-legemiddeldata/fest/festfiler/fest251.zip,captures/fest251_a10a_refusjon_blocks.xml
Humalog (insulin lispro),DMP (FEST refusjonsdata),"Refusjonsgruppe A10AB04_1: codes T89/T90/W85/E10/E11/E13/E14/O24.4 from 2008, no vilkår",2026-09-28,"<GruppeNr V=""A10AB04_1"" S=""2.16.578.1.12.4.1.1.7451"" DN=""A10AB04_1"" /> [rapid-acting analogue group, unconditional]",https://www.dmp.no/globalassets/documents/om-oss/distribusjon-av-legemiddeldata/fest/festfiler/fest251.zip,captures/fest251_a10a_refusjon_blocks.xml
Lantus (insulin glargine 100 U/ml),Statens legemiddelverk (SLV),T1D refusjonsrapport: cost-effective vs NPH (report signed 03-02-2008; DMP list year 2009),2008-02-03,Legemiddelverket konkluderer ut fra dette med at insulin glargin er kostnadseffektivt sammenlilmet [concludes glargine is cost-effective compared with NPH (OCR spelling as captured)],https://legemiddelverket.no/Documents/Offentlig-finansiering-og-pris/Metodevurderinger/L/Lantus_diabetes_type_I_2009.pdf,captures/dmp_Lantus_diabetes_type_I_2009.pdf
Lantus (insulin glargine 100 U/ml),Statens legemiddelverk (SLV),"T2D: refusal ('avslag' in filename); scanned PDF with no text layer, wording not quotable",2012,,https://legemiddelverket.no/Documents/Offentlig-finansiering-og-pris/Metodevurderinger/L/Lantus_diabtetes2_avslag_2012.pdf,captures/dmp_Lantus_diabetes2_avslag_2012.pdf
Lantus/Abasaglar/Semglee (glargine 100 U/ml),Statens legemiddelverk (SLV),Vilkår 180 (T1D) and 244 (T2D) removed for glargine 100 with trinnpris; 181 retained for T1D,2023-08-10,Statens legemiddelverk vedtar å fjerne refusjonsvilkår for insulin glargin preparater med styrke 100 E/ml og med trinnpris. [removes reimbursement conditions for glargine 100 U/ml products under stepped pricing],https://legemiddelverket.no/Documents/Offentlig-finansiering-og-pris/Metodevurderinger/I/Insulin-Glargin-100-E-ml_Diabetes_Fjerning-av-refusjonsvilkar_2023.pdf,captures/dmp_Insulin-Glargin-100_Fjerning-av-refusjonsvilkar_2023.pdf
Lantus/Abasaglar/Semglee (glargine 100 U/ml),Direktoratet for medisinske produkter (DMP),Vilkår 181 removed; unconditional; effective 2026-05-15,2026-04-30,"DMP fjerner også refusjonsvilkår 181 for insulin glargin 100/E (Abasaglar, Lantus og Semglee). [DMP also removes condition 181 for glargine 100]",https://www.dmp.no/globalassets/documents/offentlig-finansiering-og-pris/metodevurderinger/i/insulin_diabetes_2026_-endring-av-refusjonsvilkar.pdf,captures/dmp_insulin_diabetes_2026_endring-av-refusjonsvilkar.pdf
Abasaglar and Semglee (glargine 100 U/ml biosimilars),Felleskatalogen,Both listed as withdrawn products in 2025; neither appears in FEST 2026-09-28,2025,Abasaglar «Lilly» injeksjonsvæske (A10A E04 insulin glargin). [Abasaglar listed under withdrawn medicines 2025 (Semglee listed on the same page)],https://www.felleskatalogen.no/medisin/utgatte-preparater/2025,captures/fk_utgatte_preparater_2025.html
Lantus (insulin glargine 100 U/ml),Sykehusinnkjøp HF (LIS),"On hospital basis-drug agreement (delkontrakt 27, Sanofi)",2026-10-02,081996 | Lantus SoloStar inj 100E/ml | 5x3 | MLPEN | 01 | C | K | 100E/ml | A10AE04 | Insulin glargin | 002132 | 27 | [agreement row],https://www.sykehusinnkjop.no/492829/siteassets/avtaledokumenter/avtaler-legemidler/basislegemidler/alle-basis.xlsx,captures/sykehusinnkjop_avtaleoversikt_basislegemidler.xlsx
Levemir (insulin detemir),Statens legemiddelverk (SLV),T2D: general reimbursement refused,2010-09-17,Insulin detemir (Levemir) innvilges ikke generell refusjon etter folketrygdlovens § 5-14 for pasienter med diabetes type 2. [not granted general reimbursement for type 2 diabetes],https://legemiddelverket.no/Documents/Offentlig-finansiering-og-pris/Metodevurderinger/L/Levemir_diabetes_type_II_2010.pdf,captures/dmp_Levemir_diabetes_type_II_2010.pdf
Levemir (insulin detemir),DMP (FEST refusjonsdata),Group A10AE05_2 still carries vilkår 180+181 (T1D) and 244 (T2D); detemir was not in the 2026 decision,2026-09-28,Refusjon ytes kun til pasienter som til tross for optimal behandling med to daglige doser middels langtidsvirkende NPH-insulin har vedvarende utfordringer med hypoglykemier. [vilkår 244: reimbursement only for people with persistent hypoglycaemia despite optimal twice-daily NPH],https://www.dmp.no/globalassets/documents/om-oss/distribusjon-av-legemiddeldata/fest/festfiler/fest251.zip,captures/fest251_a10a_vilkar.xml
Levemir (insulin detemir),Felleskatalogen,Penfill reimbursable until 31.03.2027 (product being withdrawn),2026-10-02,Kan forskrives med refusjon til 31.03.2027 [can be prescribed with reimbursement until 31 March 2027],https://www.felleskatalogen.no/medisin/levemir-flexpen-levemir-penfill-novo-nordisk-560927,captures/fk_levemir.html
All insulins named,Nye Metoder,"No method ID for any of the insulins; full-text search of 1,347 methods returned 0 hits for degludek, glargin, aspart, lispro, detemir and all brand names (positive control pembrolizumab: 43)",2026-10-02,degludek: total=0 [search result],https://cg.optimizely.com/content/v2 (Optimizely Graph behind https://www.nyemetoder.no/metoder/),captures/nyemetoder_graph_search_2026-10-02.txt
All insulins named,Nye Metoder,Scope: Beslutningsforum decides for the specialist health service; blue-prescription insulins are assessed by DMP under the folketrygd instead,2026-10-02,Beslutningsforum for nye metoder (Beslutningsforum) beslutter om en metode kan tas i bruk eller ikke i spesialisthelsetjenesten. [the decision forum decides whether a method may be used in the specialist health service],https://www.nyemetoder.no/innforing-av-nye-metoder/beslutning/,captures/nyemetoder_beslutning.html
All insulins named,DMP,DMP list of completed assessments classes every insulin report as financed by Folketrygd (not Sykehus),2026-10-02,"Lyumjev | insulin lispro | Diabetes mellitus |  | https://legemiddelverket.no/Documents/Offentlig-finansiering-og-pris/Metodevurderinger/L/Lyumjev_DM_2021.pdf | 2021 | Folketrygd | N/A [Lyumjev row: financed by the National Insurance scheme, no Nye Metoder ID (same pattern for every insulin row)]",https://www.dmp.no/offentlig-finansiering/metodevurdering-av-medisinske-produkter/metodevurdering-av-legemidler/fullforte-metodevurderinger-for-legemidler,captures/dmp_fullforte_metodevurderinger_legemidler.html
All insulins named,Sykehusinnkjøp HF (LIS),"No LIS recommendation page for insulin found; hospital basis agreement lists Lilly and Sanofi insulins only, no Novo Nordisk product",2026-10-02,"insulin: total=6 [site search hits (pumps, CGM and the basis-drug list)]",https://cg.optimizely.com/content/v2 (sykehusinnkjop.no content),captures/sykehusinnkjop_graph_search_2026-10-02.txt
Basal insulin (T1D),Helsedirektoratet,"Nasjonal faglig retningslinje: 'Oppstart og valg av insulin ved diabetes type 1', strong recommendation, last professional change 14 September 2016",2016-09-14,Standard insulinbehandling ved diabetes type 1 er en kombinasjon av langtidsvirkende insulinanalog eller NPH-insulin og hurtigvirkende insulinanalog. [standard treatment in type 1 is a long-acting analogue or NPH plus a rapid-acting analogue],https://www.helsedirektoratet.no/retningslinjer/diabetes/behandling-med-blodsukkersenkende-legemidler-ved-diabetes/insulinbehandling-og-behandlingsmal-ved-diabetes-type-1,captures/hdir_diabetes_insulinbehandling_type1.html
Basal insulin (T1D),Helsedirektoratet,Practical text under the same recommendation: no updated health-economic case for analogues for everyone; rapid analogue preferred at meals,2016-09-14,Per i dag foreligger ikke en oppdatert helseøkonomisk vurdering som understøtter bruk av langtidsvirkende insulinanalog til alle pasienter med diabetes type 1. [there is currently no updated health-economic assessment supporting long-acting analogues for all people with type 1],https://www.helsedirektoratet.no/retningslinjer/diabetes/behandling-med-blodsukkersenkende-legemidler-ved-diabetes/insulinbehandling-og-behandlingsmal-ved-diabetes-type-1,captures/hdir_diabetes_insulinbehandling_type1.html
Rapid-acting insulin (T1D),Helsedirektoratet,Meal-time insulin preference,2016-09-14,Som måltidsinsulin foretrekkes hurtigvirkende insulinanalog. [a rapid-acting analogue is preferred as meal-time insulin; no mention of Fiasp or Lyumjev],https://www.helsedirektoratet.no/retningslinjer/diabetes/behandling-med-blodsukkersenkende-legemidler-ved-diabetes/insulinbehandling-og-behandlingsmal-ved-diabetes-type-1,captures/hdir_diabetes_insulinbehandling_type1.html
Basal insulin (T2D),Helsedirektoratet,"'Valg av blodsukkersenkende legemiddel etter metformin', weak recommendation, last professional change 12 September 2018",2018-09-12,"*De fleste pasienter kan behandles med NPH-insulin. Utvalgte pasienter vil ha nytte av langtidsvirkende insulinanalog (glargin, glargin-300, detemir, degludec), særlig ved nattlig hypoglykemi eller åpenbart for kort virketid av NPH-insulin. [most people can use NPH; selected people benefit from a long-acting analogue, particularly with nocturnal hypoglycaemia or too-short NPH action]",https://www.helsedirektoratet.no/retningslinjer/diabetes/behandling-med-blodsukkersenkende-legemidler-ved-diabetes/blodsukkersenkende-behandling-og-behandlingsmal-ved-diabetes-type-2,captures/hdir_diabetes_blodsukkersenkende_type2.html
