"ATC kode";"År";"Definerte døgndoser (DDD)";"FLAGG"
"A10AB - Insuliner og analoger til injeksjon, hurtigvirkende";"2015";"14885875";""
"A10AB - Insuliner og analoger til injeksjon, hurtigvirkende";"2016";"15323025";""
"A10AB - Insuliner og analoger til injeksjon, hurtigvirkende";"2017";"16040225";""
"A10AB - Insuliner og analoger til injeksjon, hurtigvirkende";"2018";"16833550";""
"A10AB - Insuliner og analoger til injeksjon, hurtigvirkende";"2019";"17254590";""
"A10AB - Insuliner og analoger til injeksjon, hurtigvirkende";"2020";"17532197";""
"A10AB - Insuliner og analoger til injeksjon, hurtigvirkende";"2021";"18003441";""
"A10AB - Insuliner og analoger til injeksjon, hurtigvirkende";"2022";"19660811";""
"A10AB - Insuliner og analoger til injeksjon, hurtigvirkende";"2023";"19693020";""
"A10AB - Insuliner og analoger til injeksjon, hurtigvirkende";"2024";"21111320";""
"A10AB - Insuliner og analoger til injeksjon, hurtigvirkende";"2025";"21852217";""
"A10AB04 - insulin lispro";"2015";"4135300";""
"A10AB04 - insulin lispro";"2016";"4377225";""
"A10AB04 - insulin lispro";"2017";"4508500";""
"A10AB04 - insulin lispro";"2018";"3983437";""
"A10AB04 - insulin lispro";"2019";"3793900";""
"A10AB04 - insulin lispro";"2020";"3710762";""
"A10AB04 - insulin lispro";"2021";"3633187";""
"A10AB04 - insulin lispro";"2022";"3948212";""
"A10AB04 - insulin lispro";"2023";"4048887";""
"A10AB04 - insulin lispro";"2024";"4459187";""
"A10AB04 - insulin lispro";"2025";"4727912";""
"A10AB05 - insulin aspart";"2015";"10325275";""
"A10AB05 - insulin aspart";"2016";"10552687";""
"A10AB05 - insulin aspart";"2017";"11163487";""
"A10AB05 - insulin aspart";"2018";"12558562";""
"A10AB05 - insulin aspart";"2019";"13199215";""
"A10AB05 - insulin aspart";"2020";"13579760";""
"A10AB05 - insulin aspart";"2021";"14162357";""
"A10AB05 - insulin aspart";"2022";"15493257";""
"A10AB05 - insulin aspart";"2023";"15484332";""
"A10AB05 - insulin aspart";"2024";"16501457";""
"A10AB05 - insulin aspart";"2025";"16992305";""
"A10AB06 - insulin glulisin";"2015";"162200";""
"A10AB06 - insulin glulisin";"2016";"169725";""
"A10AB06 - insulin glulisin";"2017";"164137";""
"A10AB06 - insulin glulisin";"2018";"122837";""
"A10AB06 - insulin glulisin";"2019";"116325";""
"A10AB06 - insulin glulisin";"2020";"109750";""
"A10AB06 - insulin glulisin";"2021";"93450";""
"A10AB06 - insulin glulisin";"2022";"105700";""
"A10AB06 - insulin glulisin";"2023";"76212";""
"A10AB06 - insulin glulisin";"2024";"69262";""
"A10AB06 - insulin glulisin";"2025";"59475";""
