date,Cartridge,Junior KwikPen,KwikPen U100,KwikPen U200,Tempo Pen,Vial
2016-12-01,0.0,0.0,0.0,0.0,0.0,0.0
2017-01-01,0.0,0.0,0.0,0.0,0.0,0.0
2017-02-01,0.0,0.0,0.0,0.0,0.0,0.0
2017-03-01,0.0,0.0,0.0,0.0,0.0,0.0
2017-04-01,0.0,0.0,0.0,0.0,0.0,0.0
2017-05-01,0.0,0.0,0.0,0.0,0.0,0.0
2017-06-01,0.0,0.0,0.0,0.0,0.0,0.0
2017-07-01,0.0,0.0,0.0,0.0,0.0,0.0
2017-08-01,0.0,0.0,0.0,0.0,0.0,0.0
2017-09-01,0.0,0.0,0.0,0.0,0.0,0.0
2017-10-01,0.0,0.0,0.0,0.0,0.0,0.0
2017-11-01,0.0,0.0,0.0,0.0,0.0,0.0
2017-12-01,0.0,0.0,0.0,0.0,0.0,0.0
2018-01-01,0.0,0.0,0.0,0.0,0.0,0.0
2018-02-01,0.0,0.0,0.0,0.0,0.0,0.0
2018-03-01,0.0,0.0,0.0,0.0,0.0,0.0
2018-04-01,0.0,0.0,0.0,0.0,0.0,0.0
2018-05-01,0.0,0.0,0.0,0.0,0.0,0.0
2018-06-01,0.0,0.0,0.0,0.0,0.0,0.0
2018-07-01,0.0,0.0,0.0,0.0,0.0,0.0
2018-08-01,0.0,0.0,0.0,0.0,0.0,0.0
2018-09-01,0.0,0.0,0.0,0.0,0.0,0.0
2018-10-01,0.0,0.0,0.0,0.0,0.0,0.0
2018-11-01,0.0,0.0,0.0,0.0,0.0,0.0
2018-12-01,0.0,0.0,0.0,0.0,0.0,0.0
2019-01-01,0.0,0.0,0.0,0.0,0.0,0.0
2019-02-01,0.0,0.0,0.0,0.0,0.0,0.0
2019-03-01,0.0,0.0,0.0,0.0,0.0,0.0
2019-04-01,0.0,0.0,0.0,0.0,0.0,0.0
2019-05-01,0.0,0.0,0.0,0.0,0.0,0.0
2019-06-01,0.0,0.0,0.0,0.0,0.0,0.0
2019-07-01,0.0,0.0,0.0,0.0,0.0,0.0
2019-08-01,0.0,0.0,0.0,0.0,0.0,0.0
2019-09-01,0.0,0.0,0.0,0.0,0.0,0.0
2019-10-01,0.0,0.0,0.0,0.0,0.0,0.0
2019-11-01,0.0,0.0,0.0,0.0,0.0,0.0
2019-12-01,0.0,0.0,0.0,0.0,0.0,0.0
2020-01-01,0.0,0.0,0.0,0.0,0.0,0.0
2020-02-01,0.0,0.0,0.0,0.0,0.0,0.0
2020-03-01,0.0,0.0,0.0,0.0,0.0,0.0
2020-04-01,0.0,0.0,0.0,0.0,0.0,0.0
2020-05-01,0.0,0.0,0.0,0.0,0.0,0.0
2020-06-01,0.0,0.0,0.0,0.0,0.0,0.0
2020-07-01,0.0,0.0,0.0,0.0,0.0,0.0
2020-08-01,0.0,0.0,0.0,0.0,0.0,0.0
2020-09-01,0.0,0.0,0.0,0.0,0.0,0.0
2020-10-01,0.0,0.0,1500.0,0.0,0.0,0.0
2020-11-01,0.0,0.0,1500.0,0.0,0.0,0.0
2020-12-01,0.0,0.0,0.0,0.0,0.0,0.0
2021-01-01,0.0,0.0,0.0,0.0,0.0,0.0
2021-02-01,0.0,0.0,0.0,0.0,0.0,0.0
2021-03-01,0.0,0.0,1500.0,0.0,0.0,0.0
2021-04-01,0.0,0.0,0.0,0.0,0.0,2000.0
2021-05-01,0.0,0.0,0.0,1200.0,0.0,2000.0
2021-06-01,0.0,0.0,1500.0,6000.0,0.0,1000.0
2021-07-01,1500.0,600.0,5100.0,3000.0,0.0,0.0
2021-08-01,1500.0,3000.0,1500.0,0.0,0.0,0.0
2021-09-01,1500.0,2100.0,5700.0,3000.0,0.0,4000.0
2021-10-01,0.0,600.0,4800.0,18000.0,0.0,3000.0
2021-11-01,1500.0,0.0,9000.0,12000.0,0.0,10000.0
2021-12-01,4500.0,0.0,16800.0,33000.0,0.0,11000.0
2022-01-01,6000.0,3300.0,10500.0,33000.0,0.0,1000.0
2022-02-01,4500.0,3000.0,11700.0,57000.0,0.0,4000.0
2022-03-01,3000.0,6000.0,22200.0,39000.0,0.0,2000.0
2022-04-01,1500.0,1500.0,21900.0,21000.0,0.0,7000.0
2022-05-01,13800.0,1500.0,30300.0,34800.0,0.0,27000.0
2022-06-01,4500.0,3000.0,41100.0,51000.0,0.0,18000.0
2022-07-01,9000.0,6000.0,48600.0,18000.0,0.0,24000.0
2022-08-01,12000.0,1500.0,36000.0,52800.0,0.0,5000.0
2022-09-01,6000.0,4500.0,33600.0,84000.0,0.0,7000.0
2022-10-01,4500.0,6000.0,54600.0,42000.0,0.0,9000.0
2022-11-01,9000.0,10500.0,55200.0,33000.0,0.0,19000.0
2022-12-01,6000.0,1500.0,48000.0,75000.0,0.0,15000.0
2023-01-01,9000.0,7500.0,49200.0,63000.0,0.0,11000.0
2023-02-01,4800.0,4500.0,47100.0,81000.0,0.0,9000.0
2023-03-01,6000.0,0.0,46800.0,63000.0,0.0,14000.0
2023-04-01,6000.0,4500.0,51600.0,33000.0,1500.0,2000.0
2023-05-01,12000.0,3300.0,57900.0,45000.0,0.0,7000.0
2023-06-01,12600.0,9000.0,46800.0,57000.0,0.0,3000.0
2023-07-01,10500.0,3000.0,39000.0,48600.0,0.0,12000.0
2023-08-01,7500.0,1500.0,45300.0,28200.0,0.0,0.0
2023-09-01,10500.0,9000.0,56100.0,61200.0,0.0,3000.0
2023-10-01,9000.0,5100.0,46800.0,48000.0,0.0,10000.0
2023-11-01,6000.0,9000.0,56400.0,52200.0,0.0,30000.0
2023-12-01,9300.0,1500.0,36000.0,51000.0,0.0,6000.0
2024-01-01,10200.0,12000.0,49800.0,51000.0,0.0,9000.0
2024-02-01,9000.0,3000.0,28800.0,57000.0,0.0,44000.0
2024-03-01,3000.0,8400.0,50100.0,48000.0,0.0,3000.0
2024-04-01,6300.0,0.0,35700.0,60000.0,0.0,27000.0
2024-05-01,7800.0,3000.0,60600.0,60000.0,0.0,11000.0
2024-06-01,10500.0,1500.0,38700.0,82800.0,0.0,5000.0
2024-07-01,0.0,6900.0,60300.0,34200.0,0.0,17000.0
2024-08-01,1500.0,8100.0,66000.0,77400.0,0.0,12000.0
2024-09-01,4500.0,1500.0,52500.0,72000.0,0.0,26000.0
2024-10-01,6000.0,5100.0,40800.0,73200.0,0.0,23000.0
2024-11-01,6000.0,1200.0,41700.0,78000.0,0.0,28000.0
2024-12-01,5100.0,8400.0,48300.0,72000.0,0.0,23000.0
2025-01-01,10500.0,3000.0,43800.0,115800.0,0.0,14000.0
2025-02-01,7500.0,3600.0,47400.0,93000.0,0.0,7000.0
2025-03-01,3000.0,1500.0,37200.0,87000.0,0.0,21000.0
2025-04-01,300.0,4500.0,54600.0,120600.0,0.0,28000.0
2025-05-01,3000.0,0.0,42600.0,99600.0,0.0,39000.0
2025-06-01,6000.0,7500.0,50100.0,96600.0,0.0,24000.0
2025-07-01,1500.0,1500.0,55500.0,51000.0,0.0,26000.0
2025-08-01,4500.0,0.0,46500.0,58800.0,0.0,23000.0
2025-09-01,7500.0,0.0,33000.0,40200.0,0.0,11000.0
2025-10-01,6300.0,1500.0,49500.0,34800.0,0.0,5000.0
2025-11-01,6000.0,1800.0,21300.0,57600.0,0.0,9000.0
2025-12-01,3300.0,1500.0,33300.0,48000.0,0.0,19000.0
2026-01-01,3000.0,4500.0,27000.0,39000.0,0.0,18000.0
2026-02-01,3000.0,1500.0,35400.0,96000.0,0.0,4000.0
2026-03-01,1500.0,2100.0,19500.0,74400.0,0.0,12000.0
2026-04-01,3000.0,5100.0,38100.0,64200.0,0.0,15000.0
2026-05-01,0.0,1500.0,48600.0,52200.0,0.0,7000.0
2026-06-01,9000.0,6000.0,46800.0,69000.0,0.0,10000.0
2026-07-01,600.0,4500.0,39900.0,36000.0,0.0,29000.0
