date,hospital_units,hospital_ultra_pct,hospital_ultra_pct_12m,primary_units,primary_ultra_pct,primary_ultra_pct_12m,hospital_pct_of_community
2016-12-01,365900.0,0.0,,,,,
2017-01-01,463760.0,0.0,,,,,
2017-02-01,344360.0,0.0,,,,,
2017-03-01,422300.0,2.3679848448969927,,,,,
2017-04-01,408200.0,9.431651151396373,,,,,
2017-05-01,469160.0,13.406940063091483,,,,,
2017-06-01,455380.0,12.451139707497036,,,,,
2017-07-01,479500.0,10.406673618352452,,,,,
2017-08-01,464600.0,14.39948342660353,,,,,
2017-09-01,425400.0,20.19275975552421,,,,,
2017-10-01,459320.0,21.24880257772359,,,,,
2017-11-01,512600.0,21.732344908310573,11.00089555410513,,,,
2017-12-01,501900.0,25.064753935046824,13.051005460114528,,,,
2018-01-01,486300.0,23.93584207279457,15.14085415047283,,,,
2018-02-01,485000.0,29.731958762886595,17.347558019699587,,,,
2018-03-01,500600.0,27.487015581302437,19.366284463770988,,,,
2018-04-01,478200.0,26.7043078209954,20.689196846427745,,,,
2018-05-01,492360.0,29.99837517263791,22.08264531906444,,,,
2018-06-01,536380.0,24.60941869570081,23.068757986726578,,,,
2018-07-01,490180.0,22.95075278469134,24.099752436206035,,,,
2018-08-01,485360.0,24.291247733641008,24.885540522071885,,,,
2018-09-01,479220.0,35.76645382079212,26.106151247075708,,,,
2018-10-01,568600.0,24.393246570524095,26.315089667093254,,,,
2018-11-01,626600.0,28.34344079157357,26.905573588660346,,,,
2018-12-01,528840.0,30.9167233945995,27.400107833520636,,,,
2019-01-01,627700.0,32.69077584833519,28.19477253676751,,,,
2019-02-01,539300.0,28.7038753940293,28.120642055989446,,,,
2019-03-01,632420.0,30.48606938426995,28.40022451257949,,,,
2019-04-01,570200.0,31.041739740441948,28.752531487754595,,,,
2019-05-01,597000.0,33.36683417085427,29.073004280283754,,,,
2019-06-01,666100.0,34.589400990842215,29.963943437000847,,,,
2019-07-01,643100.0,30.695070751049602,30.525067342097856,,,,
2019-08-01,677600.0,33.633412042502954,31.242140210265095,,,,
2019-09-01,600100.0,35.760706548908516,31.31681497644815,,,,
2019-10-01,660700.0,40.41168457696382,32.6663645269931,,,,
2019-11-01,611260.0,43.43487223112915,33.92971749937452,,,,
2019-12-01,615500.0,41.08854589764419,34.73601595488766,,,,
2020-01-01,545300.0,35.246653218411886,34.948318833253154,,,,
2020-02-01,615400.0,39.79525511862204,35.80248242022521,,,,
2020-03-01,547900.0,39.7152765103121,36.551585271613135,,,,
2020-04-01,435800.0,26.204681046351535,36.36207412663393,,,,
2020-05-01,379300.0,30.6090166095439,36.30577617225345,,,,
2020-06-01,366500.0,26.302864938608455,35.929153865216776,,,,
2020-07-01,403300.0,28.68832134887181,35.998179188871994,,,,
2020-08-01,437800.0,23.77798081315669,35.39555481229679,,,,
2020-09-01,459100.0,31.191461555216726,35.04193910356606,,,,
2020-10-01,586400.0,26.671214188267395,33.6333775293326,,,,
2020-11-01,552460.0,34.735546464902434,32.7279822902859,493954040.0,5.12584126247859,,0.11171946172598338
2020-12-01,401100.0,32.38593866866118,31.806029638626544,560905400.0,5.243147953291232,,0.07145828526838724
2021-01-01,462100.0,22.008223328283922,30.672054625687956,488697800.0,5.491246328508129,,0.09446808702021568
2021-02-01,447900.0,27.30520205402992,29.37226032272075,456455960.0,5.5055913827918905,,0.0980293753701271
2021-03-01,576900.0,19.882128618478074,27.349663983618523,507650400.0,5.670280177066737,,0.11351220211901249
2021-04-01,436980.0,26.660259050757475,27.385550215614245,504086900.0,6.017752097902167,,0.08661235222404141
2021-05-01,655800.0,28.22506861848124,27.269396544274965,483694440.0,6.207389938160133,,0.13539788893260382
2021-06-01,583800.0,25.505310037684136,27.15685817270856,526964800.0,6.419935449198884,,0.11066279012018987
2021-07-01,516100.0,33.598139895369115,27.599387879223862,530761880.0,6.654490710598885,,0.09714311893747224
2021-08-01,473900.0,33.31926566786242,28.311884197420902,498436500.0,6.765796646112393,,0.09498699566094433
2021-09-01,531600.0,29.984951091045897,28.242388803927366,528402860.0,6.941408303505398,,0.10050394523359284
2021-10-01,580000.0,31.896551724137932,28.731362484401735,503158960.0,7.168152187928841,6.106332778202807,0.11513899977083368
2021-11-01,587300.0,36.11442193087008,28.894311647274794,525094500.0,7.46461827347268,6.302192312644121,0.1117215775779188
2021-12-01,638200.0,41.382011908492636,29.906418224565446,579807780.0,7.6307358276565385,6.524640744650637,0.10994993883840837
2022-01-01,652700.0,35.29952504979317,30.97955750331528,518977260.0,8.008481913061084,6.731519791773113,0.12560861579266908
2022-02-01,679800.0,45.20447190350103,32.616431460362094,490420580.0,8.212461230725676,6.939002718608678,0.13842383913447592
2022-03-01,692500.0,42.194945848375454,34.605359754605416,569860100.0,8.513931752723169,7.185270903631008,0.12137355959818603
2022-04-01,608900.0,40.10510757102973,35.5525928394856,528425860.0,8.818569174491195,7.416271333892781,0.11509640689772445
2022-05-01,773400.0,45.50038789759503,37.260528545270695,554759140.0,9.047494016953014,7.6506770683644785,0.13921776751367254
2022-06-01,793340.0,39.050092016033474,38.36078291758217,542643600.0,9.363014693253547,7.898331866792015,0.1459856593480745
2022-07-01,717700.0,41.25679253169848,38.947697992325345,552469040.0,9.916682390021348,8.176043531361369,0.1297391907839295
2022-08-01,684900.0,42.04993429697766,39.5512030970966,560612300.0,9.829627355660945,8.428565744502755,0.12202091868621472
2022-09-01,737100.0,39.53330619997287,40.17388016459935,550905740.0,10.262191132733523,8.705844670339317,0.13361906410314325
2022-10-01,726600.0,45.05917974126067,41.180882828214614,547700800.0,10.485871117953453,8.973969838155272,0.13248790997678087
2022-11-01,681420.0,44.56869478442077,41.81094513125763,554860400.0,10.987953005837143,9.26551352216686,0.12265863261203269
2022-12-01,690300.0,45.82065768506446,42.171387400369255,591367800.0,11.09252143928026,9.574562686979393,0.11659328704395734
2023-01-01,741800.0,50.498786734968995,43.42171918534293,567649520.0,11.543954093363807,9.86657408054523,0.1305086784224643
2023-02-01,714280.0,47.72638181105449,43.639281309563856,520969540.0,11.828215522926735,10.142560928810855,0.13691818159129412
2023-03-01,799200.0,45.98348348348348,43.97077382009796,596954760.0,12.216570649340328,10.4673588463349,0.13370049443085244
2023-04-01,673900.0,39.62012167977444,43.90458372738993,538487100.0,12.173402111211207,10.735339626011442,0.12499049449051396
2023-05-01,839600.0,50.119104335397815,44.35724886194992,582329640.0,13.098320051165521,11.080113515200315,0.14397192828620384
2023-06-01,906100.0,46.26420924842732,45.02350525642608,599397060.0,13.089420225050821,11.395938293393899,0.1509404015131288
2023-07-01,796320.0,35.375226039783,44.46967809669555,588824540.0,12.793233787436916,11.637113394542212,0.13505628006444684
2023-08-01,781800.0,41.16142235865951,44.367447807209615,581239440.0,13.525733904086067,11.94661885009068,0.13432499473730547
2023-09-01,790100.0,45.66510568282496,44.86939665828722,576650040.0,13.569408579248515,12.218839918021867,0.13682803554321665
2023-10-01,801900.0,45.10537473500437,44.87496636547492,586442020.0,13.630332969659984,12.47691731546698,0.13655313791924828
2023-11-01,857800.0,45.826532991373284,44.98408406170487,601549620.0,13.887283313386517,12.718493487177618,0.14239532441350075
2023-12-01,861660.0,36.98674651254555,44.20322736463951,622198940.0,14.215951573302263,12.990409046114637,0.13829473409167584
2024-01-01,812760.0,35.97617993011467,43.02459052122274,617086680.0,14.430112152153407,13.234201049496322,0.13153596643492668
2024-02-01,970260.0,42.15364953723744,42.599632003558646,584375780.0,14.62226925284275,13.452365320718998,0.16575836064424387
2024-03-01,904200.0,36.12032736120327,41.74302748989636,597514520.0,14.886081764172024,13.677684485931845,0.1510982143071995
2024-04-01,883420.0,38.39623282244006,41.593506513866465,629046040.0,15.112741191407867,13.916673742957927,0.1402410993764286
2024-05-01,937200.0,36.82244985061887,40.46481202540491,649500500.0,14.872706025630468,14.068390853758508,0.1440875890189022
2024-06-01,866800.0,36.62898015689894,39.62892455539729,611922180.0,14.575121300554915,14.192159603435126,0.1414516298906028
2024-07-01,937980.0,38.36968805305017,39.84093608613591,671873640.0,15.222073603006661,14.398956072717228,0.13941197983471212
2024-08-01,890280.0,42.806757424630455,39.99387504327415,637320280.0,15.356187943681942,14.550281973268135,0.139496281603363
2024-09-01,765560.0,44.26824807983698,39.87866331357449,614910920.0,15.351524412674278,14.692839935668447,0.12434452587826644
2024-10-01,922340.0,40.711668148405145,39.5560523493298,656341220.0,15.699471076949884,14.86415750469326,0.14033031132898954
2024-11-01,918260.0,41.42617559296931,39.212911593594434,631565800.0,15.774302535064438,15.018664129602408,0.1451831054841129
2024-12-01,893740.0,37.32629176270504,39.23459281683298,668222680.0,15.894806204422753,15.161986551759549,0.1335701790130931
2025-01-01,887520.0,42.19623219758428,39.72420473650808,663331120.0,16.013872528700297,15.295484776249127,0.13361865303870424
2025-02-01,846100.0,40.39711618012055,39.55638575478251,594592120.0,16.17175821300827,15.41539288241486,0.1420970256158565
2025-03-01,864680.0,35.088125086737286,39.485089335850795,638414500.0,15.735356888040608,15.48328618563537,0.13525858921293196
2025-04-01,906020.0,41.87545528796274,39.77913745900899,637412760.0,16.45194551800312,15.594097977116975,0.1419384840909741
2025-05-01,825520.0,42.930516522918886,40.289601702645186,674783960.0,16.474131957730588,15.732056664555142,0.12218893080067497
2025-06-01,933620.0,39.59855187335318,40.52826668630483,657800020.0,16.74019407904548,15.909052082517947,0.14172951604536244
2025-07-01,1008100.0,30.542604900307506,39.77399561422432,701988540.0,16.728919819688223,16.042412329392963,0.14340040088954054
2025-08-01,865600.0,37.89279112754159,39.36708075351648,628798160.0,16.949922372546382,16.1721708731659,0.13747019520386564
2025-09-01,896000.0,30.345982142857142,38.26793591827258,661107220.0,16.960486379198827,16.303440201953375,0.1353467736909195
2025-10-01,936800.0,34.89538855678907,37.765860752590434,684594940.0,16.992208560583286,16.414109604624034,0.13665304541551934
2025-11-01,795900.0,32.61716296017087,37.066118803707454,634405320.0,17.19465404230847,16.52873166631609,0.12529887773200438
2025-12-01,787500.0,35.42857142857142,36.92189027949392,717134800.0,17.312421597724722,16.653582098942273,0.10969153625677876
2026-01-01,823700.0,36.83379871312371,36.4687107346938,671266040.0,17.67717908089019,16.794230440081158,0.12255803815722585
2026-02-01,851600.0,39.38468764678253,36.38861786138976,614780620.0,17.67720003925953,16.90946568030164,0.1383293421517152
2026-03-01,814300.0,38.68353186786197,36.67520053309538,689612060.0,17.793975354781352,17.07996861736856,0.11794161509128939
2026-04-01,819760.0,36.66926905435737,36.21987951807229,666976160.0,18.04406322408885,17.210332949029354,0.12275606595500013
2026-05-01,842900.0,30.845889192074978,35.249398117539116,664923820.0,18.28380881286521,17.361777660302902,0.126605907847121
2026-06-01,972120.0,38.997243138707155,35.20934716562259,705006080.0,18.131290442204413,17.480100872550487,0.13769830286544257
2026-07-01,1032600.0,34.892504357931436,35.62868457808288,735724420.0,18.278583168409714,17.6181660078966,0.14015475549863102
